Dimension,SciPy QR,NumPy QR,NumPy reflection,NumPy vs SciPy,PyTorch QR,PyTorch reflection,PyTorch vs SciPy
2,5.21 M/s,5.61 M/s,5.60 M/s,1.08×,1.36 M/s,1.56 M/s,0.30×
3,5.27 M/s,7.43 M/s,6.40 M/s,1.21×,2.50 M/s,2.50 M/s,0.47×
4,2.24 M/s,3.30 M/s,3.19 M/s,1.42×,1.26 M/s,1.27 M/s,0.57×
8,1.57 M/s,2.33 M/s,2.26 M/s,1.44×,656 k/s,657 k/s,0.42×
16,915 k/s,1.45 M/s,1.41 M/s,1.54×,328 k/s,330 k/s,0.36×
32,460 k/s,864 k/s,840 k/s,1.82×,165 k/s,166 k/s,0.36×
64,206 k/s,442 k/s,457 k/s,2.21×,82.5 k/s,83.5 k/s,0.40×
128,78.4 k/s,218 k/s,230 k/s,2.93×,40.9 k/s,41.8 k/s,0.53×
256,23.5 k/s,100 k/s,120 k/s,5.08×,19.9 k/s,20.8 k/s,0.89×
512,7.09 k/s,39.7 k/s,60.3 k/s,8.50×,9.50 k/s,10.4 k/s,1.47×
1024,1.88 k/s,14.0 k/s,30.2 k/s,16.02×,4.26 k/s,5.21 k/s,2.77×
2048,363/s,3.85 k/s,15.2 k/s,41.78×,1.67 k/s,2.57 k/s,7.08×
4096,91/s,712/s,7.86 k/s,86.45×,526/s,1.26 k/s,13.86×
