dimension,kappa_true,population_r_bar,mpmath_mle,method,kind,kappa_hat,abs_error,rel_error
3,1.0,0.3130352854993313,1.0,Banerjee,closed_form,1.0071199713991716,0.007119971399171643,0.007119971399171643
3,1.0,0.3130352854993313,1.0,Sra two-step (SciPy),sra,0.9999999999852272,1.4772849610267258e-11,1.4772849610267258e-11
3,1.0,0.3130352854993313,1.0,Converged Newton (SciPy),converged,0.9999999999852272,1.4772849610267258e-11,1.4772849610267258e-11
3,1.0,0.3130352854993313,1.0,Banerjee (Torch),closed_form,1.0071199713991716,0.007119971399171643,0.007119971399171643
3,1.0,0.3130352854993313,1.0,Sra two-step (CUSF),sra,0.999999999985227,1.477296063256972e-11,1.477296063256972e-11
3,1.0,0.3130352854993313,1.0,Converged Newton (CUSF),converged,0.999999999985227,1.477296063256972e-11,1.477296063256972e-11
3,1.0,0.3130352854993313,1.0,SciPy Brent,reference,0.999999999999986,1.3988810110276972e-14,1.3988810110276972e-14
3,1.0,0.3130352854993313,1.0,Direct likelihood,reference,0.999999982010852,1.7989147949037942e-08,1.7989147949037942e-08
3,10.0,0.9000000041223073,10.000000000000004,Banerjee,closed_form,10.37368462802128,0.3736846280212802,0.03736846280212802
3,10.0,0.9000000041223073,10.000000000000004,Sra two-step (SciPy),sra,9.999980500958378,1.9499041622239588e-05,1.9499041622239587e-06
3,10.0,0.9000000041223073,10.000000000000004,Converged Newton (SciPy),converged,9.999999999961998,3.800160186528956e-11,3.800160186528956e-12
3,10.0,0.9000000041223073,10.000000000000004,Banerjee (Torch),closed_form,10.37368462802128,0.3736846280212802,0.03736846280212802
3,10.0,0.9000000041223073,10.000000000000004,Sra two-step (CUSF),sra,9.999980500958292,1.9499041707504716e-05,1.9499041707504715e-06
3,10.0,0.9000000041223073,10.000000000000004,Converged Newton (CUSF),converged,9.999999999961991,3.800870729264716e-11,3.800870729264716e-12
3,10.0,0.9000000041223073,10.000000000000004,SciPy Brent,reference,10.000000000000012,1.2434497875801753e-14,1.2434497875801752e-15
3,10.0,0.9000000041223073,10.000000000000004,Direct likelihood,reference,10.000000044738035,4.473803549842614e-08,4.473803549842614e-09
3,50.0,0.98,49.99999999999996,Banerjee,closed_form,50.4749494949494,0.4749494949493993,0.009498989898987986
3,50.0,0.98,49.99999999999996,Sra two-step (SciPy),sra,49.99999959291632,4.0708368231889835e-07,8.141673646377967e-09
3,50.0,0.98,49.99999999999996,Converged Newton (SciPy),converged,50.000000000000675,6.750155989720952e-13,1.3500311979441903e-14
3,50.0,0.98,49.99999999999996,Banerjee (Torch),closed_form,50.4749494949494,0.4749494949493993,0.009498989898987986
3,50.0,0.98,49.99999999999996,Sra two-step (CUSF),sra,49.99999959291632,4.0708368231889835e-07,8.141673646377967e-09
3,50.0,0.98,49.99999999999996,Converged Newton (CUSF),converged,50.000000000000675,6.750155989720952e-13,1.3500311979441903e-14
3,50.0,0.98,49.99999999999996,SciPy Brent,reference,49.999999999999915,8.526512829121202e-14,1.7053025658242404e-15
3,50.0,0.98,49.99999999999996,Direct likelihood,reference,49.999997665058224,2.3349417759277458e-06,4.669883551855492e-08
3,200.0,0.995,199.99999999999983,Banerjee,closed_form,200.4937468671688,0.49374686716879523,0.002468734335843976
3,200.0,0.995,199.99999999999983,Sra two-step (SciPy),sra,199.999999992548,7.452001682395348e-09,3.726000841197674e-11
3,200.0,0.995,199.99999999999983,Converged Newton (SciPy),converged,199.999999992548,7.452001682395348e-09,3.726000841197674e-11
3,200.0,0.995,199.99999999999983,Banerjee (Torch),closed_form,200.4937468671688,0.49374686716879523,0.002468734335843976
3,200.0,0.995,199.99999999999983,Sra two-step (CUSF),sra,199.999999992548,7.452001682395348e-09,3.726000841197674e-11
3,200.0,0.995,199.99999999999983,Converged Newton (CUSF),converged,199.999999992548,7.452001682395348e-09,3.726000841197674e-11
3,200.0,0.995,199.99999999999983,SciPy Brent,reference,199.99999999999326,6.73594513500575e-12,3.367972567502875e-14
3,200.0,0.995,199.99999999999983,Direct likelihood,reference,199.99999053543277,9.464567227723819e-06,4.732283613861909e-08
3,1000.0,0.999,999.9999999999991,Banerjee,closed_form,1000.498749874951,0.49874987495104506,0.000498749874951045
3,1000.0,0.999,999.9999999999991,Sra two-step (SciPy),sra,999.9999999909431,9.056861927092541e-09,9.056861927092542e-12
3,1000.0,0.999,999.9999999999991,Converged Newton (SciPy),converged,999.9999999909431,9.056861927092541e-09,9.056861927092542e-12
3,1000.0,0.999,999.9999999999991,Banerjee (Torch),closed_form,1000.498749874951,0.49874987495104506,0.000498749874951045
3,1000.0,0.999,999.9999999999991,Sra two-step (CUSF),sra,999.9999999909417,9.058339855982922e-09,9.058339855982922e-12
3,1000.0,0.999,999.9999999999991,Converged Newton (CUSF),converged,999.9999999909417,9.058339855982922e-09,9.058339855982922e-12
3,1000.0,0.999,999.9999999999991,SciPy Brent,reference,999.9999999999588,4.1154635255225e-11,4.1154635255225e-14
3,1000.0,0.999,999.9999999999991,Direct likelihood,reference,1000.0000273488394,2.7348839353180665e-05,2.7348839353180665e-08
16,1.0,0.062284332675995445,1.0,Banerjee,closed_form,1.0001877673412318,0.00018776734123182592,0.00018776734123182592
16,1.0,0.062284332675995445,1.0,Sra two-step (SciPy),sra,0.9999999999999994,5.551115123125783e-16,5.551115123125783e-16
16,1.0,0.062284332675995445,1.0,Converged Newton (SciPy),converged,0.999999999636488,3.635119982803303e-10,3.635119982803303e-10
16,1.0,0.062284332675995445,1.0,Banerjee (Torch),closed_form,1.0001877673412318,0.00018776734123182592,0.00018776734123182592
16,1.0,0.062284332675995445,1.0,Sra two-step (CUSF),sra,1.000000000000001,1.1102230246251565e-15,1.1102230246251565e-15
16,1.0,0.062284332675995445,1.0,Converged Newton (CUSF),converged,0.999999999636488,3.635119982803303e-10,3.635119982803303e-10
16,1.0,0.062284332675995445,1.0,SciPy Brent,reference,1.0000000000000002,2.220446049250313e-16,2.220446049250313e-16
16,1.0,0.062284332675995445,1.0,Direct likelihood,reference,1.0000000307774197,3.077741972390413e-08,3.077741972390413e-08
16,10.0,0.4876216679793914,10.0,Banerjee,closed_form,10.083638558689529,0.08363855868952896,0.008363855868952896
16,10.0,0.4876216679793914,10.0,Sra two-step (SciPy),sra,9.999999993873244,6.12675599143131e-09,6.12675599143131e-10
16,10.0,0.4876216679793914,10.0,Converged Newton (SciPy),converged,10.0,0.0,0.0
16,10.0,0.4876216679793914,10.0,Banerjee (Torch),closed_form,10.083638558689529,0.08363855868952896,0.008363855868952896
16,10.0,0.4876216679793914,10.0,Sra two-step (CUSF),sra,9.999999993873258,6.1267417805765945e-09,6.126741780576595e-10
16,10.0,0.4876216679793914,10.0,Converged Newton (CUSF),converged,10.000000000000014,1.4210854715202004e-14,1.4210854715202005e-15
16,10.0,0.4876216679793914,10.0,SciPy Brent,reference,9.999999999999998,1.7763568394002505e-15,1.7763568394002506e-16
16,10.0,0.4876216679793914,10.0,Direct likelihood,reference,9.99999984796214,1.5203785963535665e-07,1.5203785963535665e-08
16,50.0,0.8599000156617567,49.99999999999998,Banerjee,closed_form,50.36062174800419,0.360621748004192,0.00721243496008384
16,50.0,0.8599000156617567,49.99999999999998,Sra two-step (SciPy),sra,49.99999989368617,1.0631382707515513e-07,2.1262765415031027e-09
16,50.0,0.8599000156617567,49.99999999999998,Converged Newton (SciPy),converged,49.99999999999856,1.4424017535930034e-12,2.8848035071860065e-14
16,50.0,0.8599000156617567,49.99999999999998,Banerjee (Torch),closed_form,50.36062174800419,0.360621748004192,0.00721243496008384
16,50.0,0.8599000156617567,49.99999999999998,Sra two-step (CUSF),sra,49.99999989368611,1.0631389102400135e-07,2.126277820480027e-09
16,50.0,0.8599000156617567,49.99999999999998,Converged Newton (CUSF),converged,49.999999999998494,1.5063505998114124e-12,3.012701199622825e-14
16,50.0,0.8599000156617567,49.99999999999998,SciPy Brent,reference,49.99999999999996,4.263256414560601e-14,8.526512829121202e-16
16,50.0,0.8599000156617567,49.99999999999998,Direct likelihood,reference,49.99999995632614,4.367385741943508e-08,8.734771483887016e-10
16,200.0,0.9631122556271763,200.0,Banerjee,closed_form,200.4622093155677,0.46220931556769074,0.0023110465778384535
16,200.0,0.9631122556271763,200.0,Sra two-step (SciPy),sra,199.99999999464467,5.355332177714445e-09,2.6776660888572224e-11
16,200.0,0.9631122556271763,200.0,Converged Newton (SciPy),converged,199.99999999464467,5.355332177714445e-09,2.6776660888572224e-11
16,200.0,0.9631122556271763,200.0,Banerjee (Torch),closed_form,200.4622093155677,0.46220931556769074,0.0023110465778384535
16,200.0,0.9631122556271763,200.0,Sra two-step (CUSF),sra,199.99999999464467,5.355332177714445e-09,2.6776660888572224e-11
16,200.0,0.9631122556271763,200.0,Converged Newton (CUSF),converged,199.99999999464467,5.355332177714445e-09,2.6776660888572224e-11
16,200.0,0.9631122556271763,200.0,SciPy Brent,reference,200.0000000000015,1.5063505998114124e-12,7.531752999057062e-15
16,200.0,0.9631122556271763,200.0,Direct likelihood,reference,199.99999674425212,3.255747884622906e-06,1.627873942311453e-08
16,1000.0,0.9925243991133803,999.9999999999956,Banerjee,closed_form,1000.4922881275202,0.4922881275201689,0.0004922881275201689
16,1000.0,0.9925243991133803,999.9999999999956,Sra two-step (SciPy),sra,999.9999999908748,9.125187716563232e-09,9.125187716563233e-12
16,1000.0,0.9925243991133803,999.9999999999956,Converged Newton (SciPy),converged,999.9999999908748,9.125187716563232e-09,9.125187716563233e-12
16,1000.0,0.9925243991133803,999.9999999999956,Banerjee (Torch),closed_form,1000.4922881275202,0.4922881275201689,0.0004922881275201689
16,1000.0,0.9925243991133803,999.9999999999956,Sra two-step (CUSF),sra,999.9999999908748,9.125187716563232e-09,9.125187716563233e-12
16,1000.0,0.9925243991133803,999.9999999999956,Converged Newton (CUSF),converged,999.9999999908748,9.125187716563232e-09,9.125187716563233e-12
16,1000.0,0.9925243991133803,999.9999999999956,SciPy Brent,reference,999.9999999999966,3.410605131648481e-12,3.4106051316484808e-15
16,1000.0,0.9925243991133803,999.9999999999956,Direct likelihood,reference,999.9999498808338,5.011916618968826e-05,5.011916618968826e-08
64,1.0,0.015621302598621635,1.0,Banerjee,closed_form,1.0000035802904943,3.5802904942983105e-06,3.5802904942983105e-06
64,1.0,0.015621302598621635,1.0,Sra two-step (SciPy),sra,1.0000000000000044,4.440892098500626e-15,4.440892098500626e-15
64,1.0,0.015621302598621635,1.0,Converged Newton (SciPy),converged,0.9999999999999973,2.6645352591003757e-15,2.6645352591003757e-15
64,1.0,0.015621302598621635,1.0,Banerjee (Torch),closed_form,1.0000035802904943,3.5802904942983105e-06,3.5802904942983105e-06
64,1.0,0.015621302598621635,1.0,Sra two-step (CUSF),sra,1.0000000000000044,4.440892098500626e-15,4.440892098500626e-15
64,1.0,0.015621302598621635,1.0,Converged Newton (CUSF),converged,0.9999999999999973,2.6645352591003757e-15,2.6645352591003757e-15
64,1.0,0.015621302598621635,1.0,SciPy Brent,reference,1.000000000000016,1.5987211554602254e-14,1.5987211554602254e-14
64,1.0,0.015621302598621635,1.0,Direct likelihood,reference,1.0000002615346224,2.615346224033033e-07,2.615346224033033e-07
64,10.0,0.15271190419708314,10.0,Banerjee,closed_form,10.003286383996496,0.003286383996496056,0.00032863839964960564
64,10.0,0.15271190419708314,10.0,Sra two-step (SciPy),sra,10.00000000000007,6.927791673660977e-14,6.927791673660977e-15
64,10.0,0.15271190419708314,10.0,Converged Newton (SciPy),converged,10.00000000000007,6.927791673660977e-14,6.927791673660977e-15
64,10.0,0.15271190419708314,10.0,Banerjee (Torch),closed_form,10.003286383996496,0.003286383996496056,0.00032863839964960564
64,10.0,0.15271190419708314,10.0,Sra two-step (CUSF),sra,9.999999999999952,4.796163466380676e-14,4.7961634663806766e-15
64,10.0,0.15271190419708314,10.0,Converged Newton (CUSF),converged,9.999999999999952,4.796163466380676e-14,4.7961634663806766e-15
64,10.0,0.15271190419708314,10.0,SciPy Brent,reference,10.000000000000128,1.2789769243681803e-13,1.2789769243681804e-14
64,10.0,0.15271190419708314,10.0,Direct likelihood,reference,9.99999967371455,3.2628545021395894e-07,3.262854502139589e-08
64,50.0,0.5493944888798394,49.99999999999999,Banerjee,closed_form,50.124807629533706,0.12480762953370572,0.0024961525906741144
64,50.0,0.5493944888798394,49.99999999999999,Sra two-step (SciPy),sra,49.999999999603524,3.964757411267783e-10,7.929514822535566e-12
64,50.0,0.5493944888798394,49.99999999999999,Converged Newton (SciPy),converged,49.999999999603524,3.964757411267783e-10,7.929514822535566e-12
64,50.0,0.5493944888798394,49.99999999999999,Banerjee (Torch),closed_form,50.124807629533706,0.12480762953370572,0.0024961525906741144
64,50.0,0.5493944888798394,49.99999999999999,Sra two-step (CUSF),sra,49.999999999603524,3.964757411267783e-10,7.929514822535566e-12
64,50.0,0.5493944888798394,49.99999999999999,Converged Newton (CUSF),converged,49.999999999603524,3.964757411267783e-10,7.929514822535566e-12
64,50.0,0.5493944888798394,49.99999999999999,SciPy Brent,reference,49.99999999999999,7.105427357601002e-15,1.4210854715202004e-16
64,50.0,0.5493944888798394,49.99999999999999,Direct likelihood,reference,50.00000133659641,1.3365964122158402e-06,2.6731928244316805e-08
64,200.0,0.8544971843744632,199.99999999999997,Banerjee,closed_form,200.3594169296694,0.35941692966940764,0.0017970846483470382
64,200.0,0.8544971843744632,199.99999999999997,Sra two-step (SciPy),sra,199.999999998408,1.59201363203465e-09,7.96006816017325e-12
64,200.0,0.8544971843744632,199.99999999999997,Converged Newton (SciPy),converged,199.999999998408,1.59201363203465e-09,7.96006816017325e-12
64,200.0,0.8544971843744632,199.99999999999997,Banerjee (Torch),closed_form,200.3594169296694,0.35941692966940764,0.0017970846483470382
64,200.0,0.8544971843744632,199.99999999999997,Sra two-step (CUSF),sra,199.9999999956077,4.392290975374635e-09,2.1961454876873178e-11
64,200.0,0.8544971843744632,199.99999999999997,Converged Newton (CUSF),converged,199.9999999956077,4.392290975374635e-09,2.1961454876873178e-11
64,200.0,0.8544971843744632,199.99999999999997,SciPy Brent,reference,200.00000000000003,2.842170943040401e-14,1.4210854715202004e-16
64,200.0,0.8544971843744632,199.99999999999997,Direct likelihood,reference,199.9999946613945,5.338605490123882e-06,2.6693027450619412e-08
64,1000.0,0.9689807403096334,999.9999999999985,Banerjee,closed_form,1000.4689789878578,0.46897898785778125,0.00046897898785778125
64,1000.0,0.9689807403096334,999.9999999999985,Sra two-step (SciPy),sra,999.9999999974218,2.5781901058508083e-09,2.5781901058508084e-12
64,1000.0,0.9689807403096334,999.9999999999985,Converged Newton (SciPy),converged,999.9999999974218,2.5781901058508083e-09,2.5781901058508084e-12
64,1000.0,0.9689807403096334,999.9999999999985,Banerjee (Torch),closed_form,1000.4689789878578,0.46897898785778125,0.00046897898785778125
64,1000.0,0.9689807403096334,999.9999999999985,Sra two-step (CUSF),sra,1000.0000000010267,1.0267058314639144e-09,1.0267058314639144e-12
64,1000.0,0.9689807403096334,999.9999999999985,Converged Newton (CUSF),converged,1000.0000000010267,1.0267058314639144e-09,1.0267058314639144e-12
64,1000.0,0.9689807403096334,999.9999999999985,SciPy Brent,reference,1000.0000000000055,5.4569682106375694e-12,5.4569682106375695e-15
64,1000.0,0.9689807403096334,999.9999999999985,Direct likelihood,reference,1000.0000144640716,1.4464071568909276e-05,1.4464071568909276e-08
256,1.0,0.003906190859183789,1.0,Banerjee,closed_form,1.0000000586770361,5.867703611883712e-08,5.867703611883712e-08
256,1.0,0.003906190859183789,1.0,Sra two-step (SciPy),sra,1.000000000000019,1.9095836023552692e-14,1.9095836023552692e-14
256,1.0,0.003906190859183789,1.0,Converged Newton (SciPy),converged,1.0000000000000109,1.0880185641326534e-14,1.0880185641326534e-14
256,1.0,0.003906190859183789,1.0,Banerjee (Torch),closed_form,1.0000000586770361,5.867703611883712e-08,5.867703611883712e-08
256,1.0,0.003906190859183789,1.0,Sra two-step (CUSF),sra,1.000000000000019,1.9095836023552692e-14,1.9095836023552692e-14
256,1.0,0.003906190859183789,1.0,Converged Newton (CUSF),converged,1.0000000000000109,1.0880185641326534e-14,1.0880185641326534e-14
256,1.0,0.003906190859183789,1.0,SciPy Brent,reference,1.0000000000000124,1.2434497875801753e-14,1.2434497875801753e-14
256,1.0,0.003906190859183789,1.0,Direct likelihood,reference,5.054602735062131e-12,0.9999999999949454,0.9999999999949454
256,10.0,0.039003534458180916,10.0,Banerjee,closed_form,10.000058331906338,5.833190633808272e-05,5.8331906338082716e-06
256,10.0,0.039003534458180916,10.0,Sra two-step (SciPy),sra,10.000000000000309,3.090860900556436e-13,3.0908609005564356e-14
256,10.0,0.039003534458180916,10.0,Converged Newton (SciPy),converged,9.999999999998343,1.6573409311604337e-12,1.6573409311604336e-13
256,10.0,0.039003534458180916,10.0,Banerjee (Torch),closed_form,10.000058331906338,5.833190633808272e-05,5.8331906338082716e-06
256,10.0,0.039003534458180916,10.0,Sra two-step (CUSF),sra,9.999999999999739,2.611244553918368e-13,2.611244553918368e-14
256,10.0,0.039003534458180916,10.0,Converged Newton (CUSF),converged,9.999999999998343,1.6573409311604337e-12,1.6573409311604336e-13
256,10.0,0.039003534458180916,10.0,SciPy Brent,reference,10.000000000000018,1.7763568394002505e-14,1.7763568394002505e-15
256,10.0,0.039003534458180916,10.0,Direct likelihood,reference,9.99999974033205,2.59667949364939e-07,2.5966794936493898e-08
256,50.0,0.18842805020212178,50.0,Banerjee,closed_form,50.006373485900475,0.006373485900475373,0.00012746971800950746
256,50.0,0.18842805020212178,50.0,Sra two-step (SciPy),sra,49.999999999999474,5.258016244624741e-13,1.0516032489249483e-14
256,50.0,0.18842805020212178,50.0,Converged Newton (SciPy),converged,49.999999999999474,5.258016244624741e-13,1.0516032489249483e-14
256,50.0,0.18842805020212178,50.0,Banerjee (Torch),closed_form,50.006373485900475,0.006373485900475373,0.00012746971800950746
256,50.0,0.18842805020212178,50.0,Sra two-step (CUSF),sra,49.999999999999474,5.258016244624741e-13,1.0516032489249483e-14
256,50.0,0.18842805020212178,50.0,Converged Newton (CUSF),converged,49.999999999999474,5.258016244624741e-13,1.0516032489249483e-14
256,50.0,0.18842805020212178,50.0,SciPy Brent,reference,49.999999999999524,4.760636329592671e-13,9.521272659185343e-15
256,50.0,0.18842805020212178,50.0,Direct likelihood,reference,49.9999988755164,1.124483603121007e-06,2.248967206242014e-08
256,200.0,0.5477972045074087,200.00000000000003,Banerjee,closed_form,200.1258087667285,0.12580876672851105,0.0006290438336425552
256,200.0,0.5477972045074087,200.00000000000003,Sra two-step (SciPy),sra,199.99999999999005,9.947598300641403e-12,4.973799150320701e-14
256,200.0,0.5477972045074087,200.00000000000003,Converged Newton (SciPy),converged,199.99999999999005,9.947598300641403e-12,4.973799150320701e-14
256,200.0,0.5477972045074087,200.00000000000003,Banerjee (Torch),closed_form,200.1258087667285,0.12580876672851105,0.0006290438336425552
256,200.0,0.5477972045074087,200.00000000000003,Sra two-step (CUSF),sra,199.99999999998687,1.3130829756846651e-11,6.565414878423326e-14
256,200.0,0.5477972045074087,200.00000000000003,Converged Newton (CUSF),converged,199.99999999998687,1.3130829756846651e-11,6.565414878423326e-14
256,200.0,0.5477972045074087,200.00000000000003,SciPy Brent,reference,200.00000000000472,4.718003765447065e-12,2.3590018827235325e-14
256,200.0,0.5477972045074087,200.00000000000003,Direct likelihood,reference,199.9999993474987,6.525013134250912e-07,3.262506567125456e-09
256,1000.0,0.8805400655912787,1000.0,Banerjee,closed_form,1000.3843167705187,0.3843167705186943,0.0003843167705186943
256,1000.0,0.8805400655912787,1000.0,Sra two-step (SciPy),sra,1000.0000000002152,2.1520918380701914e-10,2.1520918380701915e-13
256,1000.0,0.8805400655912787,1000.0,Converged Newton (SciPy),converged,1000.0000000002152,2.1520918380701914e-10,2.1520918380701915e-13
256,1000.0,0.8805400655912787,1000.0,Banerjee (Torch),closed_form,1000.3843167705187,0.3843167705186943,0.0003843167705186943
256,1000.0,0.8805400655912787,1000.0,Sra two-step (CUSF),sra,1000.000000000415,4.149569576838985e-10,4.149569576838985e-13
256,1000.0,0.8805400655912787,1000.0,Converged Newton (CUSF),converged,1000.000000000415,4.149569576838985e-10,4.149569576838985e-13
256,1000.0,0.8805400655912787,1000.0,SciPy Brent,reference,999.999999999949,5.10453901370056e-11,5.10453901370056e-14
256,1000.0,0.8805400655912787,1000.0,Direct likelihood,reference,1000.000003717196,3.7171960229898104e-06,3.7171960229898104e-09
1024,1.0,0.000976561570494635,1.0,Banerjee,closed_form,1.0000000009276881,9.276881485220656e-10,9.276881485220656e-10
1024,1.0,0.000976561570494635,1.0,Sra two-step (SciPy),sra,,,
1024,1.0,0.000976561570494635,1.0,Converged Newton (SciPy),converged,0.9990234393571935,0.0009765606428064899,0.0009765606428064899
1024,1.0,0.000976561570494635,1.0,Banerjee (Torch),closed_form,1.0000000009276881,9.276881485220656e-10,9.276881485220656e-10
1024,1.0,0.000976561570494635,1.0,Sra two-step (CUSF),sra,0.9999999999998082,1.9184653865522705e-13,1.9184653865522705e-13
1024,1.0,0.000976561570494635,1.0,Converged Newton (CUSF),converged,1.0000000009276881,9.276881485220656e-10,9.276881485220656e-10
1024,1.0,0.000976561570494635,1.0,SciPy Brent,reference,,,
1024,1.0,0.000976561570494635,1.0,Direct likelihood,reference,0.9999999867414199,1.3258580122688102e-08,1.3258580122688102e-08
1024,10.0,0.009764695669426709,10.0,Banerjee,closed_form,10.000000927339821,9.273398209330708e-07,9.273398209330707e-08
1024,10.0,0.009764695669426709,10.0,Sra two-step (SciPy),sra,,,
1024,10.0,0.009764695669426709,10.0,Converged Newton (SciPy),converged,9.990236231670394,0.009763768329605682,0.0009763768329605682
1024,10.0,0.009764695669426709,10.0,Banerjee (Torch),closed_form,10.000000927339821,9.273398209330708e-07,9.273398209330707e-08
1024,10.0,0.009764695669426709,10.0,Sra two-step (CUSF),sra,9.999999999996962,3.0375701953744283e-12,3.0375701953744283e-13
1024,10.0,0.009764695669426709,10.0,Converged Newton (CUSF),converged,10.000000000001586,1.5862866575844237e-12,1.5862866575844236e-13
1024,10.0,0.009764695669426709,10.0,SciPy Brent,reference,,,
1024,10.0,0.009764695669426709,10.0,Direct likelihood,reference,10.0000017072794,1.7072794005201786e-06,1.7072794005201787e-07
1024,50.0,0.048712485232294885,50.0,Banerjee,closed_form,50.00011487116471,0.00011487116471187164,2.297423294237433e-06
1024,50.0,0.048712485232294885,50.0,Sra two-step (SciPy),sra,,,
1024,50.0,0.048712485232294885,50.0,Converged Newton (SciPy),converged,49.95140238593242,0.048597614067581674,0.0009719522813516335
1024,50.0,0.048712485232294885,50.0,Banerjee (Torch),closed_form,50.00011487116471,0.00011487116471187164,2.297423294237433e-06
1024,50.0,0.048712485232294885,50.0,Sra two-step (CUSF),sra,49.99999999998185,1.814726147131296e-11,3.6294522942625916e-13
1024,50.0,0.048712485232294885,50.0,Converged Newton (CUSF),converged,49.999999999989996,1.000444171950221e-11,2.0008883439004421e-13
1024,50.0,0.048712485232294885,50.0,SciPy Brent,reference,,,
1024,50.0,0.048712485232294885,50.0,Direct likelihood,reference,50.00022998021452,0.0002299802145202534,4.599604290405068e-06
1024,200.0,0.18839306996248453,200.0,Banerjee,closed_form,200.0064353701964,0.0064353701964137144,3.217685098206857e-05
1024,200.0,0.18839306996248453,200.0,Sra two-step (SciPy),sra,199.99999999994694,5.306333150656428e-11,2.6531665753282143e-13
1024,200.0,0.18839306996248453,200.0,Converged Newton (SciPy),converged,199.9999999792237,2.077629801533476e-08,1.038814900766738e-10
1024,200.0,0.18839306996248453,200.0,Banerjee (Torch),closed_form,200.0064353701964,0.0064353701964137144,3.217685098206857e-05
1024,200.0,0.18839306996248453,200.0,Sra two-step (CUSF),sra,200.000000000021,2.100364326906856e-11,1.050182163453428e-13
1024,200.0,0.18839306996248453,200.0,Converged Newton (CUSF),converged,199.99999997924897,2.075103111565113e-08,1.0375515557825565e-10
1024,200.0,0.18839306996248453,200.0,SciPy Brent,reference,199.99999999996007,3.993250174971763e-11,1.9966250874858816e-13
1024,200.0,0.18839306996248453,200.0,Direct likelihood,reference,5.097102752202275e-12,199.9999999999949,0.9999999999999746
1024,1000.0,0.611599968624106,999.9999999999998,Banerjee,closed_form,1000.1663367849138,0.16633678491382398,0.000166336784913824
1024,1000.0,0.611599968624106,999.9999999999998,Sra two-step (SciPy),sra,999.9999999999995,4.547473508864641e-13,4.547473508864641e-16
1024,1000.0,0.611599968624106,999.9999999999998,Converged Newton (SciPy),converged,999.9999999999995,4.547473508864641e-13,4.547473508864641e-16
1024,1000.0,0.611599968624106,999.9999999999998,Banerjee (Torch),closed_form,1000.1663367849138,0.16633678491382398,0.000166336784913824
1024,1000.0,0.611599968624106,999.9999999999998,Sra two-step (CUSF),sra,999.9999999997804,2.1964297047816217e-10,2.1964297047816216e-13
1024,1000.0,0.611599968624106,999.9999999999998,Converged Newton (CUSF),converged,999.9999999997804,2.1964297047816217e-10,2.1964297047816216e-13
1024,1000.0,0.611599968624106,999.9999999999998,SciPy Brent,reference,1000.0000000000084,8.412825991399586e-12,8.412825991399586e-15
1024,1000.0,0.611599968624106,999.9999999999998,Direct likelihood,reference,1000.0000166128087,1.6612808735771978e-05,1.6612808735771976e-08
4096,1.0,0.00024414061045518846,1.0,Banerjee,closed_form,1.0000000000145377,1.453770437365165e-11,1.453770437365165e-11
4096,1.0,0.00024414061045518846,1.0,Sra two-step (SciPy),sra,,,
4096,1.0,0.00024414061045518846,1.0,Converged Newton (SciPy),converged,0.9997558594040825,0.00024414059591748583,0.00024414059591748583
4096,1.0,0.00024414061045518846,1.0,Banerjee (Torch),closed_form,1.0000000000145377,1.453770437365165e-11,1.453770437365165e-11
4096,1.0,0.00024414061045518846,1.0,Sra two-step (CUSF),sra,1.0000000000022866,2.2866153415179724e-12,2.2866153415179724e-12
4096,1.0,0.00024414061045518846,1.0,Converged Newton (CUSF),converged,1.0000000000145377,1.453770437365165e-11,1.453770437365165e-11
4096,1.0,0.00024414061045518846,1.0,SciPy Brent,reference,,,
4096,1.0,0.00024414061045518846,1.0,Direct likelihood,reference,0.9999999849115006,1.5088499449866788e-08,1.5088499449866788e-08
4096,10.0,0.0024413917053599473,10.0,Banerjee,closed_form,10.000000014537365,1.4537365089495324e-08,1.4537365089495325e-09
4096,10.0,0.0024413917053599473,10.0,Sra two-step (SciPy),sra,,,
4096,10.0,0.0024413917053599473,10.0,Converged Newton (SciPy),converged,9.997558622832006,0.0024413771679938634,0.00024413771679938635
4096,10.0,0.0024413917053599473,10.0,Banerjee (Torch),closed_form,10.000000014537365,1.4537365089495324e-08,1.4537365089495325e-09
4096,10.0,0.0024413917053599473,10.0,Sra two-step (CUSF),sra,10.000000000000668,6.679101716144942e-13,6.679101716144942e-14
4096,10.0,0.0024413917053599473,10.0,Converged Newton (CUSF),converged,10.000000014537365,1.4537365089495324e-08,1.4537365089495325e-09
4096,10.0,0.0024413917053599473,10.0,SciPy Brent,reference,,,
4096,10.0,0.0024413917053599473,10.0,Direct likelihood,reference,9.999999877883216,1.2211678424023376e-07,1.2211678424023375e-08
4096,50.0,0.012205213689448007,50.0,Banerjee,closed_form,50.00000181613282,1.8161328227961349e-06,3.63226564559227e-08
4096,50.0,0.012205213689448007,50.0,Sra two-step (SciPy),sra,,,
4096,50.0,0.012205213689448007,50.0,Converged Newton (SciPy),converged,49.987796602443375,0.012203397556625362,0.00024406795113250722
4096,50.0,0.012205213689448007,50.0,Banerjee (Torch),closed_form,50.00000181613282,1.8161328227961349e-06,3.63226564559227e-08
4096,50.0,0.012205213689448007,50.0,Sra two-step (CUSF),sra,49.99999999998327,1.673328142715036e-11,3.346656285430072e-13
4096,50.0,0.012205213689448007,50.0,Converged Newton (CUSF),converged,49.999999999975515,2.4485302674293052e-11,4.897060534858611e-13
4096,50.0,0.012205213689448007,50.0,SciPy Brent,reference,,,
4096,50.0,0.012205213689448007,50.0,Direct likelihood,reference,50.00000287853787,2.8785378702878006e-06,5.757075740575601e-08
4096,200.0,0.04871231751559789,200.0,Banerjee,closed_form,200.0001152038379,0.0001152038379075293,5.760191895376466e-07
4096,200.0,0.04871231751559789,200.0,Sra two-step (SciPy),sra,,,
4096,200.0,0.04871231751559789,200.0,Converged Newton (SciPy),converged,199.95140288632228,0.04859711367771524,0.0002429855683885762
4096,200.0,0.04871231751559789,200.0,Banerjee (Torch),closed_form,200.0001152038379,0.0001152038379075293,5.760191895376466e-07
4096,200.0,0.04871231751559789,200.0,Sra two-step (CUSF),sra,200.0000000002034,2.0341417439340148e-10,1.0170708719670073e-12
4096,200.0,0.04871231751559789,200.0,Converged Newton (CUSF),converged,200.00000000005437,5.4370730140362866e-11,2.718536507018143e-13
4096,200.0,0.04871231751559789,200.0,SciPy Brent,reference,,,
4096,200.0,0.04871231751559789,200.0,Direct likelihood,reference,200.00022804355066,0.00022804355066341486,1.1402177533170743e-06
4096,1000.0,0.2311067167883069,1000.0,Banerjee,closed_form,1000.0117083751377,0.011708375137686744,1.1708375137686743e-05
4096,1000.0,0.2311067167883069,1000.0,Sra two-step (SciPy),sra,,,
4096,1000.0,0.2311067167883069,1000.0,Converged Newton (SciPy),converged,999.7806016583494,0.2193983416506171,0.0002193983416506171
4096,1000.0,0.2311067167883069,1000.0,Banerjee (Torch),closed_form,1000.0117083751377,0.011708375137686744,1.1708375137686743e-05
4096,1000.0,0.2311067167883069,1000.0,Sra two-step (CUSF),sra,999.9999999995583,4.416733645484783e-10,4.4167336454847825e-13
4096,1000.0,0.2311067167883069,1000.0,Converged Newton (CUSF),converged,999.999999980647,1.935302407218842e-08,1.9353024072188418e-11
4096,1000.0,0.2311067167883069,1000.0,SciPy Brent,reference,,,
4096,1000.0,0.2311067167883069,1000.0,Direct likelihood,reference,1000.0247332041276,0.02473320412764224,2.4733204127642237e-05
