dimension,kappa_true,num_samples,seed,r_bar,banerjee,sra_two_step,cusf_converged,scipy_brentq,direct_likelihood,newton_iterations,newton_converged
3,50.0,10000,0,0.9800296756906264,50.54928621105515,50.07429906558165,50.0742994709724,50.07429947097159,50.07429568229065,3,True
3,50.0,10000,1,0.9798916753163861,50.205460706701125,49.730646755724344,49.730647168983104,49.73064716897526,49.7306457858692,3,True
3,50.0,10000,2,0.9799653446466838,50.38841748091054,49.91351107217207,49.91351148121218,49.91351148121843,49.91351089481762,3,True
3,50.0,10000,3,0.9799906238235931,50.451508270043036,49.97657013529945,49.97657054291081,49.97657054291888,49.976566652202806,3,True
3,50.0,10000,4,0.9799844458640018,50.43607485119246,49.96114446994144,49.9611448778998,49.96114487789724,49.961143890499315,3,True
3,50.0,10000,5,0.9798200696144351,50.02890848540822,49.554184403572975,49.554184820936605,49.55418482094075,49.5541814782688,3,True
3,50.0,10000,6,0.9801392802591805,50.82576682681651,50.35064212783092,50.350642527055385,50.350642527053544,50.35063960055392,3,True
3,50.0,10000,7,0.9798425943811997,50.0843107704019,49.60955841859135,49.60955883466656,49.60955883466096,49.60955712792102,3,True
3,50.0,10000,8,0.9800847574646186,50.6878513328224,50.21279505945291,50.21279546174242,50.21279546173751,50.21279651090694,3,True
3,50.0,10000,9,0.9796304071687945,49.56726857781476,49.092782539172696,49.09278296756588,49.09278296756304,49.09278807863436,3,True
3,50.0,10000,10,0.9801402288593148,50.82817301113775,50.35304712166719,50.35304752084816,50.35304752084364,50.353048845982315,3,True
3,50.0,10000,11,0.9801752536422362,50.91717672246669,50.442006877621864,50.44200727483406,50.442007274831106,50.44200295875525,3,True
3,50.0,10000,12,0.9800753046608793,50.664017187553505,50.188972777437215,50.18897318026182,50.18897318026117,50.188973629822684,3,True
3,50.0,10000,13,0.9802073293104895,50.99896244441286,50.52375234553163,50.52375274095344,50.52375274095608,50.52375469303618,3,True
3,50.0,10000,14,0.9800305987564141,50.55160200444736,50.07661370051537,50.07661410585312,50.07661410585308,50.07661498185554,3,True
3,50.0,10000,15,0.9804957253735375,51.74638376092626,51.27081174507285,51.27081212459774,51.27081212460175,51.2708144629064,3,True
3,50.0,10000,16,0.9802061211474702,50.99587709954348,50.5206685168812,50.5206689123593,50.52066891235871,50.52066794599,3,True
3,50.0,10000,17,0.9799042241808351,50.23653090108209,49.761701200715315,49.76170161324416,49.76170161324754,49.7617001958054,3,True
3,50.0,10000,18,0.9798283073456577,50.049155800531516,49.57442137981152,49.57442179671828,49.57442179671187,49.57441602350232,3,True
3,50.0,10000,19,0.9800235249594013,50.533860678424276,50.05888125217989,50.05888165792531,50.05888165793374,50.058876235678454,3,True
16,50.0,10000,0,0.8593704748654305,50.15736440228734,49.79724513103814,49.79724523793156,49.79724523793138,49.79724538893005,3,True
16,50.0,10000,1,0.8599553472691128,50.381947993869034,50.021273612436225,50.02127371869174,50.02127371869122,50.02127338698122,3,True
16,50.0,10000,2,0.8601552709044452,50.459143214320406,50.09827902302731,50.09827912906068,50.09827912906125,50.09827875639236,3,True
16,50.0,10000,3,0.8601963515814895,50.47503253912856,50.11412934159253,50.11412944758105,50.11412944758182,50.114128916550186,3,True
16,50.0,10000,4,0.8592989489326748,50.13002636830581,49.769974965394645,49.76997507236656,49.7699750723676,49.76997443722439,3,True
16,50.0,10000,5,0.859527876296334,50.21762222786361,49.8573535904324,49.85735369715337,49.857353697153634,49.857353457463304,3,True
16,50.0,10000,6,0.8604970609414486,50.59162444529338,50.230435684164156,50.230435789820454,50.230435789822,50.23043327815415,3,True
16,50.0,10000,7,0.8595362658456109,50.22083774813656,49.860561148906974,49.86056125562049,49.86056125561994,49.86056102682518,3,True
16,50.0,10000,8,0.8590513019228052,50.03558530311944,49.675768853268806,49.675768960511796,49.67576896051023,49.67576892964016,3,True
16,50.0,10000,9,0.8598508231297639,50.34167568036835,49.981100523291154,49.98110062966063,49.981100629660574,49.98110184089305,3,True
16,50.0,10000,10,0.8594149420446126,50.17437417005449,49.81421270356322,49.8142128104054,49.81421281040643,49.81421346508715,3,True
16,50.0,10000,11,0.8601519170744499,50.45784641709862,50.09698541022133,50.096985516260816,50.096985516259636,50.0969849697412,3,True
16,50.0,10000,12,0.8607543973487792,50.69179609366291,50.33036290283402,50.3303630082086,50.33036300820829,50.33036351618183,3,True
16,50.0,10000,13,0.8597636196119014,50.30812240182067,49.9476300203432,49.947630126808384,49.9476301268072,49.947629122531964,3,True
16,50.0,10000,14,0.8593743575013958,50.15884917922785,49.79872622377698,49.798726330663186,49.79872633066504,49.79872647093525,3,True
16,50.0,10000,15,0.8596581935114819,50.26761282019338,49.90722050388645,49.90722061046354,49.90722061046505,49.90721968047744,3,True
16,50.0,10000,16,0.8605018549693432,50.59348723545609,50.23229392120168,50.23229402685568,50.2322940268554,50.23229262954014,3,True
16,50.0,10000,17,0.859050766714004,50.03538155558763,49.67556561346231,49.67556572070226,49.675565720703375,49.675563101284226,3,True
16,50.0,10000,18,0.8603514209884091,50.5350943348516,50.174043886832536,50.174043992651114,50.17404399265142,50.174044878492765,3,True
16,50.0,10000,19,0.8599333514274745,50.37346822205245,50.012814721877696,50.01281482815653,50.01281482815533,50.012814980519096,3,True
64,50.0,10000,0,0.5490181689679348,50.061159476232866,49.936572499655604,49.936572499655604,49.93657250004973,49.93657164757636,2,True
64,50.0,10000,1,0.5488804622384832,50.03789243264833,49.91338615046729,49.91338615046729,49.91338615086131,49.91338607986742,2,True
64,50.0,10000,2,0.5505705893485957,50.32433941297646,50.19884091202625,50.19884091202625,50.19884091243113,50.19884059969171,2,True
64,50.0,10000,3,0.5485308057270422,49.97887117488404,49.85456966832108,49.85456966832108,49.85456966871303,49.85456973819973,2,True
64,50.0,10000,4,0.5492822595098797,50.105815986183,49.98107418202692,49.98107418202692,49.981074182423974,49.981072705485715,2,True
64,50.0,10000,5,0.5497750487874254,50.18926963598263,50.0642386661502,50.0642386661502,50.064238666550835,50.06423741753109,2,True
64,50.0,10000,6,0.5481558232828095,49.915665660792634,49.79158357265667,49.79158357265667,49.7915835730462,49.79158280305293,2,True
64,50.0,10000,7,0.5498707385495919,50.205493598307925,50.08040643914299,50.08040643914299,50.080406439544,50.08040421629249,2,True
64,50.0,10000,8,0.5497834286037994,50.19069016670588,50.065654276729205,50.065654276729205,50.06565427712826,50.06565505385866,2,True
64,50.0,10000,9,0.5494959863071309,50.141990480075734,50.01712330386889,50.01712330386889,50.01712330426634,50.01712287272116,2,True
64,50.0,10000,10,0.5488123064867244,50.02638147603173,49.901915122488,49.901915122488,49.90191512288122,49.90191596359077,2,True
64,50.0,10000,11,0.548736600845751,50.01359904681246,49.889177037379206,49.889177037379206,49.88917703777177,49.88917576184072,2,True
64,50.0,10000,12,0.5496545655755102,50.16885077450762,50.0438905346836,50.0438905346836,50.04389053508276,50.04389003940712,2,True
64,50.0,10000,13,0.5497122362910828,50.17862328509751,50.05362919203806,50.05362919203806,50.053629192437604,50.05362894647229,2,True
64,50.0,10000,14,0.5497465430048755,50.18443774330288,50.05942350969558,50.05942350969558,50.05942351009454,50.05942181328484,2,True
64,50.0,10000,15,0.5506232831271548,50.33330106100491,50.20777156138236,50.20777156138236,50.20777156178712,50.207769146628735,2,True
64,50.0,10000,16,0.5486780143699077,50.00370971304699,49.879322014799385,49.879322014799385,49.8793220151923,49.87932050396918,2,True
64,50.0,10000,17,0.5476627858647946,49.83270374449282,49.708909855620746,49.708909855620746,49.70890985600607,49.70890871912829,2,True
64,50.0,10000,18,0.5494341949560919,50.13152878432966,50.00669786143728,50.00669786143728,50.00669786183437,50.00669752503127,2,True
64,50.0,10000,19,0.5493194007733153,50.11210015729923,49.98733657065741,49.98733657065741,49.987336571054826,49.98733472584449,2,True
256,50.0,10000,0,0.1888622821732238,50.13009619232542,50.123679501485,50.123679501485,50.1236795014852,50.12367623792386,2,True
256,50.0,10000,1,0.188776877114983,50.105757469605486,50.099349291210174,50.099349291210174,50.09934929121111,50.09934121835562,2,True
256,50.0,10000,2,0.18902400514444362,50.176190500958995,50.16975767099471,50.16975767099471,50.16975767099492,50.16975112183498,2,True
256,50.0,10000,3,0.18951900622702494,50.31732888561021,50.31084649455033,50.31084649455033,50.31084649454944,50.310841134667925,2,True
256,50.0,10000,4,0.1889459522546841,50.15394278784893,50.14751775042655,50.14751775042655,50.147517750425045,50.147515521129165,2,True
256,50.0,10000,5,0.18811379942918074,49.916874437173576,49.91053210113164,49.91053210113164,49.91053210112753,49.91052586402685,2,True
256,50.0,10000,6,0.1882271880525251,49.94916397353432,49.942810409278636,49.942810409278636,49.942810409280874,49.942808397969756,2,True
256,50.0,10000,7,0.18843345305598982,50.00791250661002,50.00153848429775,50.00153848429775,50.00153848429526,50.00152844881708,2,True
256,50.0,10000,8,0.18766776924062292,49.789899426714534,49.78360113426124,49.78360113426124,49.78360113425946,49.78359750283734,2,True
256,50.0,10000,9,0.18879698667499548,50.1114880754853,50.105077893397485,50.105077893397485,50.10507789339698,50.105074301668196,2,True
256,50.0,10000,10,0.18839012971855607,49.99557197837248,49.98920225653022,49.98920225653022,49.989202256530376,49.98919425892608,2,True
256,50.0,10000,11,0.18841795395841288,50.00349756308269,49.99712507949259,49.99712507949259,49.99712507949364,49.99712186055187,2,True
256,50.0,10000,12,0.18807733591119435,49.90649165335633,49.900152925357794,49.900152925357794,49.90015292536022,49.900145858051545,2,True
256,50.0,10000,13,0.1880363002998723,49.89480750718609,49.88847283805986,49.88847283805986,49.88847283805875,49.8884635887849,2,True
256,50.0,10000,14,0.18952393211903043,50.31873379529666,50.312250909806885,50.312250909806885,50.312250909807815,50.312251773459664,2,True
256,50.0,10000,15,0.18982386495413578,50.404292378912345,50.39777934234512,50.39777934234512,50.39777934234431,50.397775942802696,2,True
256,50.0,10000,16,0.18711562933231507,49.632806428948015,49.62656238414204,49.62656238414204,49.62656238414313,49.6265551974076,2,True
256,50.0,10000,17,0.18887144405822337,50.13270728638183,50.126289681931674,50.126289681931674,50.12628968192946,50.1262844456448,2,True
256,50.0,10000,18,0.188371445717213,49.99025008255046,49.98388221478941,49.98388221478941,49.983882214788586,49.983874716864335,2,True
256,50.0,10000,19,0.18967288228839457,50.36121950706228,50.35472165946153,50.35472165946153,50.35472165946122,50.35471585363791,2,True
1024,50.0,10000,0,0.049656297511926906,50.97361429381579,50.97349262660096,50.973492626612085,nan,50.97347486129486,1,True
1024,50.0,10000,1,0.04989505977473367,51.21992988038821,51.219806452563525,51.219806452570836,nan,51.219807527115634,1,True
1024,50.0,10000,2,0.04961441846224873,50.93041219476567,50.930290834642314,50.93029083462737,nan,50.93024795219954,1,True
1024,50.0,10000,3,0.05037922664527469,51.719467666045894,51.71934061618359,51.71934061618647,nan,51.71930628275638,1,True
1024,50.0,10000,4,0.049746496058386075,51.06666423773174,51.066541907371345,51.066541907388824,nan,51.06650043548227,1,True
1024,50.0,10000,5,0.04959059678619872,50.90583818097375,50.905716995270886,50.905716995296906,nan,50.90570220711092,1,True
1024,50.0,10000,6,0.04961069261391427,50.92656866495104,50.926447332108324,50.926447332118606,nan,50.9264395572942,1,True
1024,50.0,10000,7,0.0495766495007259,50.8914504922503,50.89132940861313,50.89132940859776,nan,50.89133713649464,1,True
1024,50.0,10000,8,0.04978470650060596,51.10608336086141,51.10596074886731,51.105960748851395,nan,51.10593885441655,1,True
1024,50.0,10000,9,0.049888217693026655,51.21287110254157,51.21274772540788,51.212747725390294,nan,51.21274376544896,1,True
1024,50.0,10000,10,0.04938400486791738,50.69272895835211,50.69260927850919,50.69260927848838,nan,50.69259158523896,1,True
1024,50.0,10000,11,0.05021361909249747,51.54859435632793,51.54846855321435,51.54846855320887,nan,51.54846545241362,1,True
1024,50.0,10000,12,0.049832303773784385,51.155186870447885,51.15506390701042,51.155063907009676,nan,51.15503798163219,1,True
1024,50.0,10000,13,0.04896285081206643,50.25832919619908,50.25821254751379,50.25821254751718,nan,50.2581913896792,1,True
1024,50.0,10000,14,0.050363554547447294,51.70329688285364,51.7031699513305,51.703169951320774,nan,51.703165703440334,1,True
1024,50.0,10000,15,0.04974847859675766,51.068709477123285,51.068587132159756,51.06858713216815,nan,51.06855402137981,1,True
1024,50.0,10000,16,0.050108146201006516,51.43977223076926,51.439647217430604,51.439647217429446,nan,51.43963452846019,1,True
1024,50.0,10000,17,0.05012442223686349,51.45656487793614,51.45643974294843,51.45643974293925,nan,51.45641066274325,1,True
1024,50.0,10000,18,0.049351031197167786,50.65871628377919,50.658596843118744,50.658596843128656,nan,50.65856845903777,1,True
1024,50.0,10000,19,0.0501015743768482,51.43299183618846,51.43286687195394,51.43286687195323,nan,51.43284577710057,1,True
4096,50.0,10000,0,0.015902272273308333,65.1521790405731,65.15217502405034,65.1521750240443,nan,65.1519873462776,1,True
4096,50.0,10000,1,0.015735165004515436,64.46719374430478,64.46718985312664,64.46718985302786,nan,64.46704579415237,1,True
4096,50.0,10000,2,0.015474734387989898,63.399690506836244,63.399686805774564,63.399686805806056,nan,63.39963906869011,1,True
4096,50.0,10000,3,0.015764420453110158,64.5871132507514,64.58710933781282,64.58710933780134,nan,64.58703204711318,1,True
4096,50.0,10000,4,0.01598612660389035,65.49590837250807,65.49590429226305,65.49590429211624,nan,65.49581985401818,1,True
4096,50.0,10000,5,0.015659161384226964,64.15565275498614,64.15564892000023,64.15564891983973,nan,64.15552516269693,1,True
4096,50.0,10000,6,0.01556498825562611,63.76963752147914,63.76963375501947,63.76963375503665,nan,63.76949873934221,1,True
4096,50.0,10000,7,0.01583303178193912,64.86835572669135,64.86835176241313,64.86835176236666,nan,64.86830058459051,1,True
4096,50.0,10000,8,0.015531671578676076,63.63307342538495,63.633069683308,63.63306968321903,nan,63.6329867306809,1,True
4096,50.0,10000,9,0.015845339306998746,64.91880529771399,64.91880132440157,64.91880132437545,nan,64.9187519675009,1,True
4096,50.0,10000,10,0.015838555492849956,64.89099787080573,64.89099390251776,64.89099390233693,nan,64.89088897650899,1,True
4096,50.0,10000,11,0.015855549384045868,64.96065729930511,64.96065331806567,64.96065331812008,nan,64.96059929505302,1,True
4096,50.0,10000,12,0.015752863345372667,64.53974006451604,64.53973616012904,64.53973616027335,nan,64.5395793977182,1,True
4096,50.0,10000,13,0.015727135529126652,64.43428059216821,64.43427670701841,64.43427670698124,nan,64.43418635739471,1,True
4096,50.0,10000,14,0.015784348349392213,64.66879885661663,64.66879492880216,64.66879492889701,nan,64.66874654315407,1,True
4096,50.0,10000,15,0.015979305190281342,65.46794644649982,65.46794237141218,65.46794237149476,nan,65.46787077397391,1,True
4096,50.0,10000,16,0.015772357298066166,64.61964682137489,64.61964290254447,64.61964290266963,nan,64.61950376973994,1,True
4096,50.0,10000,17,0.01586494494208227,64.99917055192005,64.99916656363247,64.99916656363419,nan,64.99900301422616,1,True
4096,50.0,10000,18,0.01583585699547738,64.87993650724276,64.8799325408522,64.87993254085826,nan,64.87986931071077,1,True
4096,50.0,10000,19,0.015596464194656564,63.89865687629817,63.89865308700903,63.89865308709751,nan,63.89857056672825,1,True
