statistic,null,p,n,quantile,value,method,reps,seed,tool_version
r_bar,uniform,64,50,0.5,0.1406842453238945,closed_form,,,0.1.0
r_bar,uniform,64,50,0.9,0.15698292353301482,closed_form,,,0.1.0
r_bar,uniform,64,50,0.95,0.16170503697195182,closed_form,,,0.1.0
r_bar,uniform,64,50,0.99,0.1706759170000985,closed_form,,,0.1.0
r_bar,uniform,64,70,0.5,0.11889988850875988,closed_form,,,0.1.0
r_bar,uniform,64,70,0.9,0.13267478574364885,closed_form,,,0.1.0
r_bar,uniform,64,70,0.95,0.13666570000787714,closed_form,,,0.1.0
r_bar,uniform,64,70,0.99,0.14424747743232438,closed_form,,,0.1.0
r_bar,uniform,64,100,0.5,0.09947878387463766,closed_form,,,0.1.0
r_bar,uniform,64,100,0.9,0.11100368976068403,closed_form,,,0.1.0
r_bar,uniform,64,100,0.95,0.11434272819488851,closed_form,,,0.1.0
r_bar,uniform,64,100,0.99,0.12068609829600199,closed_form,,,0.1.0
r_bar,uniform,64,500,0.5,0.04448826461253995,closed_form,,,0.1.0
r_bar,uniform,64,500,0.9,0.04964235921163737,closed_form,,,0.1.0
r_bar,uniform,64,500,0.95,0.05113562259531051,closed_form,,,0.1.0
r_bar,uniform,64,500,0.99,0.053972463945816396,closed_form,,,0.1.0
r_bar,uniform,64,700,0.5,0.037599446122776235,closed_form,,,0.1.0
r_bar,uniform,64,700,0.9,0.04195545110247669,closed_form,,,0.1.0
r_bar,uniform,64,700,0.95,0.04321748900461834,closed_form,,,0.1.0
r_bar,uniform,64,700,0.99,0.04561505754198819,closed_form,,,0.1.0
r_bar,uniform,64,1000,0.5,0.03145795359074851,closed_form,,,0.1.0
r_bar,uniform,64,1000,0.9,0.03510244883264726,closed_form,,,0.1.0
r_bar,uniform,64,1000,0.95,0.0361583454973401,closed_form,,,0.1.0
r_bar,uniform,64,1000,0.99,0.03816429525343322,closed_form,,,0.1.0
r_bar,uniform,64,10000,0.5,0.009947878387463766,closed_form,,,0.1.0
r_bar,uniform,64,10000,0.9,0.011100368976068403,closed_form,,,0.1.0
r_bar,uniform,64,10000,0.95,0.01143427281948885,closed_form,,,0.1.0
r_bar,uniform,64,10000,0.99,0.012068609829600199,closed_form,,,0.1.0
r_bar,uniform,128,50,0.5,0.14105293451358944,closed_form,,,0.1.0
r_bar,uniform,128,50,0.9,0.15252318239522597,closed_form,,,0.1.0
r_bar,uniform,128,50,0.95,0.15582678727691227,closed_form,,,0.1.0
r_bar,uniform,128,50,0.99,0.16208273498175677,closed_form,,,0.1.0
r_bar,uniform,128,70,0.5,0.11921148774610292,closed_form,,,0.1.0
r_bar,uniform,128,70,0.9,0.1289056165460588,closed_form,,,0.1.0
r_bar,uniform,128,70,0.95,0.1316976722677579,closed_form,,,0.1.0
r_bar,uniform,128,70,0.99,0.1369849130878663,closed_form,,,0.1.0
r_bar,uniform,128,100,0.5,0.0997394865008211,closed_form,,,0.1.0
r_bar,uniform,128,100,0.9,0.10785017655981692,closed_form,,,0.1.0
r_bar,uniform,128,100,0.95,0.11018617797401829,closed_form,,,0.1.0
r_bar,uniform,128,100,0.99,0.11460980101886226,closed_form,,,0.1.0
r_bar,uniform,128,500,0.5,0.04460485437135172,closed_form,,,0.1.0
r_bar,uniform,128,500,0.9,0.048232065234621015,closed_form,,,0.1.0
r_bar,uniform,128,500,0.95,0.04927675682615899,closed_form,,,0.1.0
r_bar,uniform,128,500,0.99,0.05125506119318013,closed_form,,,0.1.0
r_bar,uniform,128,700,0.5,0.037697982453493775,closed_form,,,0.1.0
r_bar,uniform,128,700,0.9,0.04076353514738332,closed_form,,,0.1.0
r_bar,uniform,128,700,0.95,0.04164646069085074,closed_form,,,0.1.0
r_bar,uniform,128,700,0.99,0.043318433043786665,closed_form,,,0.1.0
r_bar,uniform,128,1000,0.5,0.03154039499982122,closed_form,,,0.1.0
r_bar,uniform,128,1000,0.9,0.034105220398032446,closed_form,,,0.1.0
r_bar,uniform,128,1000,0.95,0.03484392890665752,closed_form,,,0.1.0
r_bar,uniform,128,1000,0.99,0.03624280133982913,closed_form,,,0.1.0
r_bar,uniform,128,10000,0.5,0.00997394865008211,closed_form,,,0.1.0
r_bar,uniform,128,10000,0.9,0.010785017655981693,closed_form,,,0.1.0
r_bar,uniform,128,10000,0.95,0.01101861779740183,closed_form,,,0.1.0
r_bar,uniform,128,10000,0.99,0.011460980101886224,closed_form,,,0.1.0
r_bar,uniform,256,50,0.5,0.14123717941159325,closed_form,,,0.1.0
r_bar,uniform,256,50,0.9,0.14931946317719816,closed_form,,,0.1.0
r_bar,uniform,256,50,0.95,0.15163707414938615,closed_form,,,0.1.0
r_bar,uniform,256,50,0.99,0.15601490892473002,closed_form,,,0.1.0
r_bar,uniform,256,70,0.5,0.11936720310556288,closed_form,,,0.1.0
r_bar,uniform,256,70,0.9,0.1261979796179871,closed_form,,,0.1.0
r_bar,uniform,256,70,0.95,0.12815671839193726,closed_form,,,0.1.0
r_bar,uniform,256,70,0.99,0.13185666407881758,closed_form,,,0.1.0
r_bar,uniform,256,100,0.5,0.09986976731759863,closed_form,,,0.1.0
r_bar,uniform,256,100,0.9,0.1055848049757318,closed_form,,,0.1.0
r_bar,uniform,256,100,0.95,0.10722360341031828,closed_form,,,0.1.0
r_bar,uniform,256,100,0.99,0.1103192000668782,closed_form,,,0.1.0
r_bar,uniform,256,500,0.5,0.04466311772384747,closed_form,,,0.1.0
r_bar,uniform,256,500,0.9,0.04721896026335887,closed_form,,,0.1.0
r_bar,uniform,256,500,0.95,0.04795185320358999,closed_form,,,0.1.0
r_bar,uniform,256,500,0.99,0.049336246114587805,closed_form,,,0.1.0
r_bar,uniform,256,700,0.5,0.037747223973750306,closed_form,,,0.1.0
r_bar,uniform,256,700,0.9,0.039907305170434504,closed_form,,,0.1.0
r_bar,uniform,256,700,0.95,0.04052671275713133,closed_form,,,0.1.0
r_bar,uniform,256,700,0.99,0.04169673831607713,closed_form,,,0.1.0
r_bar,uniform,256,1000,0.5,0.031581593411465624,closed_form,,,0.1.0
r_bar,uniform,256,1000,0.9,0.033388847002799184,closed_form,,,0.1.0
r_bar,uniform,256,1000,0.95,0.03390708057072035,closed_form,,,0.1.0
r_bar,uniform,256,1000,0.99,0.03488599418591349,closed_form,,,0.1.0
r_bar,uniform,256,10000,0.5,0.009986976731759863,closed_form,,,0.1.0
r_bar,uniform,256,10000,0.9,0.010558480497573181,closed_form,,,0.1.0
r_bar,uniform,256,10000,0.95,0.010722360341031828,closed_form,,,0.1.0
r_bar,uniform,256,10000,0.99,0.01103192000668782,closed_form,,,0.1.0
r_bar,uniform,512,50,0.5,0.14132927640831053,closed_form,,,0.1.0
r_bar,uniform,512,50,0.9,0.14702970903344081,closed_form,,,0.1.0
r_bar,uniform,512,50,0.95,0.14865905627535644,closed_form,,,0.1.0
r_bar,uniform,512,50,0.99,0.15173096855616178,closed_form,,,0.1.0
r_bar,uniform,512,70,0.5,0.11944503927418622,closed_form,,,0.1.0
r_bar,uniform,512,70,0.9,0.12426278416110831,closed_form,,,0.1.0
r_bar,uniform,512,70,0.95,0.1256398339150435,closed_form,,,0.1.0
r_bar,uniform,512,70,0.99,0.12823607364931888,closed_form,,,0.1.0
r_bar,uniform,512,100,0.5,0.09993488972850433,closed_form,,,0.1.0
r_bar,uniform,512,100,0.9,0.10396570429343098,closed_form,,,0.1.0
r_bar,uniform,512,100,0.95,0.10511782677709712,closed_form,,,0.1.0
r_bar,uniform,512,100,0.99,0.10728999678206481,closed_form,,,0.1.0
r_bar,uniform,512,500,0.5,0.04469224135137624,closed_form,,,0.1.0
r_bar,uniform,512,500,0.9,0.04649487642575069,closed_form,,,0.1.0
r_bar,uniform,512,500,0.95,0.04701012126412736,closed_form,,,0.1.0
r_bar,uniform,512,500,0.99,0.04798154522208612,closed_form,,,0.1.0
r_bar,uniform,512,700,0.5,0.037771837931469376,closed_form,,,0.1.0
r_bar,uniform,512,700,0.9,0.0392953426342998,closed_form,,,0.1.0
r_bar,uniform,512,700,0.95,0.03973080400168075,closed_form,,,0.1.0
r_bar,uniform,512,700,0.99,0.04055180709289481,closed_form,,,0.1.0
r_bar,uniform,512,1000,0.5,0.03160218692598397,closed_form,,,0.1.0
r_bar,uniform,512,1000,0.9,0.032876842411078855,closed_form,,,0.1.0
r_bar,uniform,512,1000,0.95,0.03324117553026637,closed_form,,,0.1.0
r_bar,uniform,512,1000,0.99,0.03392807599834608,closed_form,,,0.1.0
r_bar,uniform,512,10000,0.5,0.009993488972850434,closed_form,,,0.1.0
r_bar,uniform,512,10000,0.9,0.010396570429343098,closed_form,,,0.1.0
r_bar,uniform,512,10000,0.95,0.010511782677709712,closed_form,,,0.1.0
r_bar,uniform,512,10000,0.99,0.01072899967820648,closed_form,,,0.1.0
r_bar,uniform,1024,50,0.5,0.1413753184780934,closed_form,,,0.1.0
r_bar,uniform,1024,50,0.9,0.14539868263547967,closed_form,,,0.1.0
r_bar,uniform,1024,50,0.95,0.14654598426831983,closed_form,,,0.1.0
r_bar,uniform,1024,50,0.99,0.148706017786227,closed_form,,,0.1.0
r_bar,uniform,1024,70,0.5,0.11948395192535971,closed_form,,,0.1.0
r_bar,uniform,1024,70,0.9,0.12288431526129692,closed_form,,,0.1.0
r_bar,uniform,1024,70,0.95,0.12385396211774877,closed_form,,,0.1.0
r_bar,uniform,1024,70,0.99,0.1256795236357642,closed_form,,,0.1.0
r_bar,uniform,1024,100,0.5,0.09996744638826767,closed_form,,,0.1.0
r_bar,uniform,1024,100,0.9,0.1028123944671384,closed_form,,,0.1.0
r_bar,uniform,1024,100,0.95,0.10362365923178607,closed_form,,,0.1.0
r_bar,uniform,1024,100,0.99,0.10515103357988846,closed_form,,,0.1.0
r_bar,uniform,1024,500,0.5,0.04470680113224647,closed_form,,,0.1.0
r_bar,uniform,1024,500,0.9,0.045979100591608944,closed_form,,,0.1.0
r_bar,uniform,1024,500,0.95,0.04634190922390946,closed_form,,,0.1.0
r_bar,uniform,1024,500,0.99,0.04702497179779873,closed_form,,,0.1.0
r_bar,uniform,1024,700,0.5,0.03778414319221976,closed_form,,,0.1.0
r_bar,uniform,1024,700,0.9,0.03885943249358875,closed_form,,,0.1.0
r_bar,uniform,1024,700,0.95,0.039166061752829766,closed_form,,,0.1.0
r_bar,uniform,1024,700,0.99,0.039743354993398095,closed_form,,,0.1.0
r_bar,uniform,1024,1000,0.5,0.0316124822457699,closed_form,,,0.1.0
r_bar,uniform,1024,1000,0.9,0.032512133821185084,closed_form,,,0.1.0
r_bar,uniform,1024,1000,0.95,0.032768678265357794,closed_form,,,0.1.0
r_bar,uniform,1024,1000,0.99,0.03325167644332964,closed_form,,,0.1.0
r_bar,uniform,1024,10000,0.5,0.009996744638826766,closed_form,,,0.1.0
r_bar,uniform,1024,10000,0.9,0.010281239446713839,closed_form,,,0.1.0
r_bar,uniform,1024,10000,0.95,0.010362365923178608,closed_form,,,0.1.0
r_bar,uniform,1024,10000,0.99,0.010515103357988845,closed_form,,,0.1.0
r_bar,uniform,2048,50,0.5,0.14139833789768497,closed_form,,,0.1.0
r_bar,uniform,2048,50,0.9,0.1442395069333641,closed_form,,,0.1.0
r_bar,uniform,2048,50,0.95,0.14504832634921666,closed_form,,,0.1.0
r_bar,uniform,2048,50,0.99,0.14656952450452754,closed_form,,,0.1.0
r_bar,uniform,2048,70,0.5,0.1195034068857689,closed_form,,,0.1.0
r_bar,uniform,2048,70,0.9,0.12190463298467603,closed_form,,,0.1.0
r_bar,uniform,2048,70,0.95,0.12258821015529087,closed_form,,,0.1.0
r_bar,uniform,2048,70,0.99,0.12387385724853703,closed_form,,,0.1.0
r_bar,uniform,2048,100,0.5,0.09998372357595983,closed_form,,,0.1.0
r_bar,uniform,2048,100,0.9,0.10199273346758579,closed_form,,,0.1.0
r_bar,uniform,2048,100,0.95,0.10256465516129049,closed_form,,,0.1.0
r_bar,uniform,2048,100,0.99,0.10364030469243928,closed_form,,,0.1.0
r_bar,uniform,2048,500,0.5,0.04471408051187891,closed_form,,,0.1.0
r_bar,uniform,2048,500,0.9,0.045612537048907935,closed_form,,,0.1.0
r_bar,uniform,2048,500,0.95,0.04586830820589404,closed_form,,,0.1.0
r_bar,uniform,2048,500,0.99,0.04634935330021693,closed_form,,,0.1.0
r_bar,uniform,2048,700,0.5,0.03779029539088791,closed_form,,,0.1.0
r_bar,uniform,2048,700,0.9,0.03854962975584664,closed_form,,,0.1.0
r_bar,uniform,2048,700,0.95,0.03876579583741028,closed_form,,,0.1.0
r_bar,uniform,2048,700,0.99,0.03917235314559355,closed_form,,,0.1.0
r_bar,uniform,2048,1000,0.5,0.03161762954447083,closed_form,,,0.1.0
r_bar,uniform,2048,1000,0.9,0.03225293425440544,closed_form,,,0.1.0
r_bar,uniform,2048,1000,0.95,0.03243379177394224,closed_form,,,0.1.0
r_bar,uniform,2048,1000,0.99,0.032773942022194476,closed_form,,,0.1.0
r_bar,uniform,2048,10000,0.5,0.009998372357595984,closed_form,,,0.1.0
r_bar,uniform,2048,10000,0.9,0.010199273346758578,closed_form,,,0.1.0
r_bar,uniform,2048,10000,0.95,0.010256465516129049,closed_form,,,0.1.0
r_bar,uniform,2048,10000,0.99,0.010364030469243928,closed_form,,,0.1.0
r_bar,uniform,4096,50,0.5,0.1414098472026383,closed_form,,,0.1.0
r_bar,uniform,4096,50,0.9,0.14341694813108716,closed_form,,,0.1.0
r_bar,uniform,4096,50,0.95,0.1439876344811735,closed_form,,,0.1.0
r_bar,uniform,4096,50,0.99,0.14506015674422174,closed_form,,,0.1.0
r_bar,uniform,4096,70,0.5,0.11951313402381919,closed_form,,,0.1.0
r_bar,uniform,4096,70,0.9,0.12120944391316729,closed_form,,,0.1.0
r_bar,uniform,4096,70,0.95,0.12169176191005823,closed_form,,,0.1.0
r_bar,uniform,4096,70,0.99,0.12259820866396452,closed_form,,,0.1.0
r_bar,uniform,4096,100,0.5,0.09999186188353909,closed_form,,,0.1.0
r_bar,uniform,4096,100,0.9,0.1014110965605711,closed_form,,,0.1.0
r_bar,uniform,4096,100,0.95,0.10181463274864773,closed_form,,,0.1.0
r_bar,uniform,4096,100,0.99,0.1025730205138227,closed_form,,,0.1.0
r_bar,uniform,4096,500,0.5,0.04471772007367271,closed_form,,,0.1.0
r_bar,uniform,4096,500,0.9,0.04535242111644641,closed_form,,,0.1.0
r_bar,uniform,4096,500,0.95,0.045532887986030515,closed_form,,,0.1.0
r_bar,uniform,4096,500,0.99,0.045872049305277586,closed_form,,,0.1.0
r_bar,uniform,4096,700,0.5,0.03779337138202329,closed_form,,,0.1.0
r_bar,uniform,4096,700,0.9,0.038329791668804104,closed_form,,,0.1.0
r_bar,uniform,4096,700,0.95,0.03848231401147065,closed_form,,,0.1.0
r_bar,uniform,4096,700,0.99,0.038768957643471644,closed_form,,,0.1.0
r_bar,uniform,4096,1000,0.5,0.031620203103295774,closed_form,,,0.1.0
r_bar,uniform,4096,1000,0.9,0.03206900451466723,closed_form,,,0.1.0
r_bar,uniform,4096,1000,0.95,0.03219661386192966,closed_form,,,0.1.0
r_bar,uniform,4096,1000,0.99,0.03243643713068544,closed_form,,,0.1.0
r_bar,uniform,4096,10000,0.5,0.009999186188353909,closed_form,,,0.1.0
r_bar,uniform,4096,10000,0.9,0.010141109656057109,closed_form,,,0.1.0
r_bar,uniform,4096,10000,0.95,0.010181463274864773,closed_form,,,0.1.0
r_bar,uniform,4096,10000,0.99,0.01025730205138227,closed_form,,,0.1.0
r_bar,uniform,8192,50,0.5,0.14141560175377732,closed_form,,,0.1.0
r_bar,uniform,8192,50,0.9,0.1428338749706297,closed_form,,,0.1.0
r_bar,uniform,8192,50,0.95,0.14323678892526465,closed_form,,,0.1.0
r_bar,uniform,8192,50,0.99,0.14399359895003386,closed_form,,,0.1.0
r_bar,uniform,8192,70,0.5,0.11951799750719837,closed_form,,,0.1.0
r_bar,uniform,8192,70,0.9,0.12071665715078865,closed_form,,,0.1.0
r_bar,uniform,8192,70,0.95,0.12105718159383788,closed_form,,,0.1.0
r_bar,uniform,8192,70,0.99,0.12169680280629276,closed_form,,,0.1.0
r_bar,uniform,8192,100,0.5,0.09999593096567216,closed_form,,,0.1.0
r_bar,uniform,8192,100,0.9,0.10099880157488374,closed_form,,,0.1.0
r_bar,uniform,8192,100,0.95,0.1012837047644408,closed_form,,,0.1.0
r_bar,uniform,8192,100,0.99,0.10181885026502506,closed_form,,,0.1.0
r_bar,uniform,8192,500,0.5,0.04471953982252383,closed_form,,,0.1.0
r_bar,uniform,8192,500,0.9,0.04516803719349057,closed_form,,,0.1.0
r_bar,uniform,8192,500,0.95,0.04529544977326179,closed_form,,,0.1.0
r_bar,uniform,8192,500,0.99,0.0455347741166937,closed_form,,,0.1.0
r_bar,uniform,8192,700,0.5,0.03779490935050735,closed_form,,,0.1.0
r_bar,uniform,8192,700,0.9,0.03817395881181444,closed_form,,,0.1.0
r_bar,uniform,8192,700,0.95,0.038281642095714025,closed_form,,,0.1.0
r_bar,uniform,8192,700,0.99,0.03848390808282561,closed_form,,,0.1.0
r_bar,uniform,8192,1000,0.5,0.03162148986004845,closed_form,,,0.1.0
r_bar,uniform,8192,1000,0.9,0.03193862539240338,closed_form,,,0.1.0
r_bar,uniform,8192,1000,0.95,0.03202871969156808,closed_form,,,0.1.0
r_bar,uniform,8192,1000,0.99,0.032197947557711805,closed_form,,,0.1.0
r_bar,uniform,8192,10000,0.5,0.009999593096567217,closed_form,,,0.1.0
r_bar,uniform,8192,10000,0.9,0.010099880157488373,closed_form,,,0.1.0
r_bar,uniform,8192,10000,0.95,0.01012837047644408,closed_form,,,0.1.0
r_bar,uniform,8192,10000,0.99,0.010181885026502507,closed_form,,,0.1.0
kappa_hat,uniform,64,50,0.5,9.18017647707928,closed_form,,,0.1.0
kappa_hat,uniform,64,50,0.9,10.293222510811708,closed_form,,,0.1.0
kappa_hat,uniform,64,50,0.95,10.618767432875162,closed_form,,,0.1.0
kappa_hat,uniform,64,50,0.99,11.241314795740681,closed_form,,,0.1.0
kappa_hat,uniform,64,70,0.5,7.715446685461398,closed_form,,,0.1.0
kappa_hat,uniform,64,70,0.9,8.638789593735218,closed_form,,,0.1.0
kappa_hat,uniform,64,70,0.95,8.908113952618793,closed_form,,,0.1.0
kappa_hat,uniform,64,70,0.99,9.422170170865245,closed_form,,,0.1.0
kappa_hat,uniform,64,100,0.5,6.428364278543801,closed_form,,,0.1.0
kappa_hat,uniform,64,100,0.9,7.19020769264759,closed_form,,,0.1.0
kappa_hat,uniform,64,100,0.95,7.411973545670947,closed_form,,,0.1.0
kappa_hat,uniform,64,100,0.99,7.834656119991267,closed_form,,,0.1.0
kappa_hat,uniform,64,500,0.5,2.8527245863353228,closed_form,,,0.1.0
kappa_hat,uniform,64,500,0.9,3.1847225447358625,closed_form,,,0.1.0
kappa_hat,uniform,64,500,0.95,3.2810004351035817,closed_form,,,0.1.0
kappa_hat,uniform,64,500,0.99,3.464024329204029,closed_form,,,0.1.0
kappa_hat,uniform,64,700,0.5,2.409668180021419,closed_form,,,0.1.0
kappa_hat,uniform,64,700,0.9,2.689740499222957,closed_form,,,0.1.0
kappa_hat,uniform,64,700,0.95,2.7709384232051417,closed_form,,,0.1.0
kappa_hat,uniform,64,700,0.99,2.9252666368958313,closed_form,,,0.1.0
kappa_hat,uniform,64,1000,0.5,2.015242996055257,closed_form,,,0.1.0
kappa_hat,uniform,64,1000,0.9,2.249244408099086,closed_form,,,0.1.0
kappa_hat,uniform,64,1000,0.95,2.317071930666434,closed_form,,,0.1.0
kappa_hat,uniform,64,1000,0.99,2.4459698136076913,closed_form,,,0.1.0
kappa_hat,uniform,64,10000,0.5,0.6367253182514843,closed_form,,,0.1.0
kappa_hat,uniform,64,10000,0.9,0.7105085096817901,closed_form,,,0.1.0
kappa_hat,uniform,64,10000,0.95,0.7318862501889332,closed_form,,,0.1.0
kappa_hat,uniform,64,10000,0.99,0.7725001361170878,closed_form,,,0.1.0
kappa_hat,uniform,128,50,0.5,18.41574773042574,closed_form,,,0.1.0
kappa_hat,uniform,128,50,0.9,19.980950973466733,closed_form,,,0.1.0
kappa_hat,uniform,128,50,0.95,20.434737795971877,closed_form,,,0.1.0
kappa_hat,uniform,128,50,0.99,21.297918126885982,closed_form,,,0.1.0
kappa_hat,uniform,128,70,0.5,15.475708747505522,closed_form,,,0.1.0
kappa_hat,uniform,128,70,0.9,16.774500966221936,closed_form,,,0.1.0
kappa_hat,uniform,128,70,0.95,17.15033525655241,closed_form,,,0.1.0
kappa_hat,uniform,128,70,0.99,17.864314986459473,closed_form,,,0.1.0
kappa_hat,uniform,128,100,0.5,12.892977111596782,closed_form,,,0.1.0
kappa_hat,uniform,128,100,0.9,13.964812531582023,closed_form,,,0.1.0
kappa_hat,uniform,128,100,0.95,14.274532708395215,closed_form,,,0.1.0
kappa_hat,uniform,128,100,0.99,14.862348583318008,closed_form,,,0.1.0
kappa_hat,uniform,128,500,0.5,5.720628643125374,closed_form,,,0.1.0
kappa_hat,uniform,128,500,0.9,6.187878930872768,closed_form,,,0.1.0
kappa_hat,uniform,128,500,0.95,6.322542165100574,closed_form,,,0.1.0
kappa_hat,uniform,128,500,0.99,6.577663372773027,closed_form,,,0.1.0
kappa_hat,uniform,128,700,0.5,4.832103478230168,closed_form,,,0.1.0
kappa_hat,uniform,128,700,0.9,5.226283653811449,closed_form,,,0.1.0
kappa_hat,uniform,128,700,0.95,5.339866565717634,closed_form,,,0.1.0
kappa_hat,uniform,128,700,0.99,5.55502356271345,closed_form,,,0.1.0
kappa_hat,uniform,128,1000,0.5,4.041128930640425,closed_form,,,0.1.0
kappa_hat,uniform,128,1000,0.9,4.370473762199894,closed_form,,,0.1.0
kappa_hat,uniform,128,1000,0.95,4.4653610793112675,closed_form,,,0.1.0
kappa_hat,uniform,128,1000,0.99,4.64508644716704,closed_form,,,0.1.0
kappa_hat,uniform,128,10000,0.5,1.276790488182846,closed_form,,,0.1.0
kappa_hat,uniform,128,10000,0.9,1.3806403812804533,closed_form,,,0.1.0
kappa_hat,uniform,128,10000,0.95,1.4105516989805365,closed_form,,,0.1.0
kappa_hat,uniform,128,10000,0.99,1.4671952108853834,closed_form,,,0.1.0
kappa_hat,uniform,256,50,0.5,36.88705293067927,closed_form,,,0.1.0
kappa_hat,uniform,256,50,0.9,39.09089695192667,closed_form,,,0.1.0
kappa_hat,uniform,256,50,0.95,39.72576794796278,closed_form,,,0.1.0
kappa_hat,uniform,256,50,0.99,40.928683993280316,closed_form,,,0.1.0
kappa_hat,uniform,256,70,0.5,30.996326472674088,closed_form,,,0.1.0
kappa_hat,uniform,256,70,0.9,32.825531640728805,closed_form,,,0.1.0
kappa_hat,uniform,256,70,0.95,33.35178231339373,closed_form,,,0.1.0
kappa_hat,uniform,256,70,0.99,34.348012183799554,closed_form,,,0.1.0
kappa_hat,uniform,256,100,0.5,25.822252857961487,closed_form,,,0.1.0
kappa_hat,uniform,256,100,0.9,27.332101359758557,closed_form,,,0.1.0
kappa_hat,uniform,256,100,0.95,27.766046366306536,closed_form,,,0.1.0
kappa_hat,uniform,256,100,0.99,28.586994678345896,closed_form,,,0.1.0
kappa_hat,uniform,256,500,0.5,11.45643489830268,closed_form,,,0.1.0
kappa_hat,uniform,256,500,0.9,12.114856996266214,closed_form,,,0.1.0
kappa_hat,uniform,256,500,0.95,12.303747086093715,closed_form,,,0.1.0
kappa_hat,uniform,256,500,0.99,12.660658115599077,closed_form,,,0.1.0
kappa_hat,uniform,256,700,0.5,9.676971009108172,closed_form,,,0.1.0
kappa_hat,uniform,256,700,0.9,10.232440302567522,closed_form,,,0.1.0
kappa_hat,uniform,256,700,0.95,10.391774182851359,closed_form,,,0.1.0
kappa_hat,uniform,256,700,0.99,10.69281209907904,closed_form,,,0.1.0
kappa_hat,uniform,256,1000,0.5,8.092897294655183,closed_form,,,0.1.0
kappa_hat,uniform,256,1000,0.9,8.557010528726002,closed_form,,,0.1.0
kappa_hat,uniform,256,1000,0.95,8.690126302952965,closed_form,,,0.1.0
kappa_hat,uniform,256,1000,0.99,8.941612587502341,closed_form,,,0.1.0
kappa_hat,uniform,256,10000,0.5,2.556919093121353,closed_form,,,0.1.0
kappa_hat,uniform,256,10000,0.9,2.7032700363543873,closed_form,,,0.1.0
kappa_hat,uniform,256,10000,0.95,2.745237418440083,closed_form,,,0.1.0
kappa_hat,uniform,256,10000,0.99,2.824512609988458,closed_form,,,0.1.0
kappa_hat,uniform,512,50,0.5,73.82974650331772,closed_form,,,0.1.0
kappa_hat,uniform,512,50,0.9,76.93619672946471,closed_form,,,0.1.0
kappa_hat,uniform,512,50,0.95,77.8269689805344,closed_form,,,0.1.0
kappa_hat,uniform,512,50,0.99,79.5099513460949,closed_form,,,0.1.0
kappa_hat,uniform,512,70,0.5,62.0376098235011,closed_form,,,0.1.0
kappa_hat,uniform,512,70,0.9,64.61653938672141,closed_form,,,0.1.0
kappa_hat,uniform,512,70,0.95,65.35536255346783,closed_form,,,0.1.0
kappa_hat,uniform,512,70,0.99,66.75041178769744,closed_form,,,0.1.0
kappa_hat,uniform,512,100,0.5,51.68083003065469,closed_form,,,0.1.0
kappa_hat,uniform,512,100,0.9,53.80984886455795,closed_form,,,0.1.0
kappa_hat,uniform,512,100,0.95,54.41935882828035,closed_form,,,0.1.0
kappa_hat,uniform,512,100,0.99,55.56971635013507,closed_form,,,0.1.0
kappa_hat,uniform,512,500,0.5,22.928046476384683,closed_form,,,0.1.0
kappa_hat,uniform,512,500,0.9,23.85674980335164,closed_form,,,0.1.0
kappa_hat,uniform,512,500,0.95,24.122284642310113,closed_form,,,0.1.0
kappa_hat,uniform,512,500,0.99,24.62301940164526,closed_form,,,0.1.0
kappa_hat,uniform,512,700,0.5,19.366704515954655,closed_form,,,0.1.0
kappa_hat,uniform,512,700,0.9,20.150209150577286,closed_form,,,0.1.0
kappa_hat,uniform,512,700,0.95,20.374208334339635,closed_form,,,0.1.0
kappa_hat,uniform,512,700,0.99,20.796591529023573,closed_form,,,0.1.0
kappa_hat,uniform,512,1000,0.5,16.19643223917024,closed_form,,,0.1.0
kappa_hat,uniform,512,1000,0.9,16.851086710329202,closed_form,,,0.1.0
kappa_hat,uniform,512,1000,0.95,17.038235612348196,closed_form,,,0.1.0
kappa_hat,uniform,512,1000,0.99,17.391116356074228,closed_form,,,0.1.0
kappa_hat,uniform,512,10000,0.5,5.117175417363072,closed_form,,,0.1.0
kappa_hat,uniform,512,10000,0.9,5.323617244047388,closed_form,,,0.1.0
kappa_hat,uniform,512,10000,0.95,5.382625184256143,closed_form,,,0.1.0
kappa_hat,uniform,512,10000,0.99,5.493877783220972,closed_form,,,0.1.0
kappa_hat,uniform,1024,50,0.5,147.7151756679275,closed_form,,,0.1.0
kappa_hat,uniform,1024,50,0.9,152.0977048214531,closed_form,,,0.1.0
kappa_hat,uniform,1024,50,0.95,153.3502444100664,closed_form,,,0.1.0
kappa_hat,uniform,1024,50,0.99,155.71187020698403,closed_form,,,0.1.0
kappa_hat,uniform,1024,70,0.5,124.12020076044456,closed_form,,,0.1.0
kappa_hat,uniform,1024,70,0.9,127.75912306001139,closed_form,,,0.1.0
kappa_hat,uniform,1024,70,0.95,128.79846478007076,closed_form,,,0.1.0
kappa_hat,uniform,1024,70,0.99,130.7572868314987,closed_form,,,0.1.0
kappa_hat,uniform,1024,100,0.5,103.39799738095283,closed_form,,,0.1.0
kappa_hat,uniform,1024,100,0.9,106.402460452569,closed_form,,,0.1.0
kappa_hat,uniform,1024,100,0.95,107.26017440223131,closed_form,,,0.1.0
kappa_hat,uniform,1024,100,0.99,108.87617838379839,closed_form,,,0.1.0
kappa_hat,uniform,1024,500,0.5,45.87126916635569,closed_form,,,0.1.0
kappa_hat,uniform,1024,500,0.9,47.18215211856552,closed_form,,,0.1.0
kappa_hat,uniform,1024,500,0.95,47.556046870522934,closed_form,,,0.1.0
kappa_hat,uniform,1024,500,0.99,48.26008384133949,closed_form,,,0.1.0
kappa_hat,uniform,1024,700,0.5,38.74617074714749,closed_form,,,0.1.0
kappa_hat,uniform,1024,700,0.9,39.85212083129555,closed_form,,,0.1.0
kappa_hat,uniform,1024,700,0.95,40.167543715601326,closed_form,,,0.1.0
kappa_hat,uniform,1024,700,0.99,40.761454515848975,closed_form,,,0.1.0
kappa_hat,uniform,1024,1000,0.5,32.40350122901513,closed_form,,,0.1.0
kappa_hat,uniform,1024,1000,0.9,33.327585057470905,closed_form,,,0.1.0
kappa_hat,uniform,1024,1000,0.95,33.59112607254463,closed_form,,,0.1.0
kappa_hat,uniform,1024,1000,0.99,34.08733284772537,closed_form,,,0.1.0
kappa_hat,uniform,1024,10000,0.5,10.237687618527039,closed_form,,,0.1.0
kappa_hat,uniform,1024,10000,0.9,10.529099991132659,closed_form,,,0.1.0
kappa_hat,uniform,1024,10000,0.95,10.61220000799178,closed_form,,,0.1.0
kappa_hat,uniform,1024,10000,0.99,10.768654180190085,closed_form,,,0.1.0
kappa_hat,uniform,2048,50,0.5,295.4860551218111,closed_form,,,0.1.0
kappa_hat,uniform,2048,50,0.9,301.67295231677934,closed_form,,,0.1.0
kappa_hat,uniform,2048,50,0.95,303.43701657039156,closed_form,,,0.1.0
kappa_hat,uniform,2048,50,0.99,306.75819812452,closed_form,,,0.1.0
kappa_hat,uniform,2048,70,0.5,248.2853948240422,closed_form,,,0.1.0
kappa_hat,uniform,2048,70,0.9,253.42317728728207,closed_form,,,0.1.0
kappa_hat,uniform,2048,70,0.95,254.88744292504748,closed_form,,,0.1.0
kappa_hat,uniform,2048,70,0.99,257.6433877269411,closed_form,,,0.1.0
kappa_hat,uniform,2048,100,0.5,206.8323386258,closed_form,,,0.1.0
kappa_hat,uniform,2048,100,0.9,211.07472856663583,closed_form,,,0.1.0
kappa_hat,uniform,2048,100,0.95,212.28339735122546,closed_form,,,0.1.0
kappa_hat,uniform,2048,100,0.99,214.5577754121757,closed_form,,,0.1.0
kappa_hat,uniform,2048,500,0.5,91.75771431332801,closed_form,,,0.1.0
kappa_hat,uniform,2048,500,0.9,93.60904059901802,closed_form,,,0.1.0
kappa_hat,uniform,2048,500,0.95,94.13615601048485,closed_form,,,0.1.0
kappa_hat,uniform,2048,500,0.99,95.12763617471603,closed_form,,,0.1.0
kappa_hat,uniform,2048,700,0.5,77.5051028171175,closed_form,,,0.1.0
kappa_hat,uniform,2048,700,0.9,79.06702689487331,closed_form,,,0.1.0
kappa_hat,uniform,2048,700,0.95,79.5117228266939,closed_form,,,0.1.0
kappa_hat,uniform,2048,700,0.99,80.34815141380942,closed_form,,,0.1.0
kappa_hat,uniform,2048,1000,0.5,64.81763875733611,closed_form,,,0.1.0
kappa_hat,uniform,2048,1000,0.9,66.12272666881191,closed_form,,,0.1.0
kappa_hat,uniform,2048,1000,0.95,66.49428617422541,closed_form,,,0.1.0
kappa_hat,uniform,2048,1000,0.99,67.19313724845898,closed_form,,,0.1.0
kappa_hat,uniform,2048,10000,0.5,20.478711796076077,closed_form,,,0.1.0
kappa_hat,uniform,2048,10000,0.9,20.890282809856505,closed_form,,,0.1.0
kappa_hat,uniform,2048,10000,0.95,21.007449101899077,closed_form,,,0.1.0
kappa_hat,uniform,2048,10000,0.99,21.22781232270099,closed_form,,,0.1.0
kappa_hat,uniform,4096,50,0.5,591.0278246212008,closed_form,,,0.1.0
kappa_hat,uniform,4096,50,0.9,599.7662867669916,closed_form,,,0.1.0
kappa_hat,uniform,4096,50,0.95,602.2536921106172,closed_form,,,0.1.0
kappa_hat,uniform,4096,50,0.99,606.9317561936409,closed_form,,,0.1.0
kappa_hat,uniform,4096,70,0.5,496.61578906429065,closed_form,,,0.1.0
kappa_hat,uniform,4096,70,0.9,503.8731416709258,closed_form,,,0.1.0
kappa_hat,uniform,4096,70,0.95,505.93828864225407,closed_form,,,0.1.0
kappa_hat,uniform,4096,70,0.99,509.8214128928768,closed_form,,,0.1.0
kappa_hat,uniform,4096,100,0.5,413.70102439851235,closed_form,,,0.1.0
kappa_hat,uniform,4096,100,0.9,419.69400937647805,closed_form,,,0.1.0
kappa_hat,uniform,4096,100,0.95,421.3989616067903,closed_form,,,0.1.0
kappa_hat,uniform,4096,100,0.99,424.60431443059946,closed_form,,,0.1.0
kappa_hat,uniform,4096,500,0.5,183.53060449046765,closed_form,,,0.1.0
kappa_hat,uniform,4096,500,0.9,186.1462041498321,closed_form,,,0.1.0
kappa_hat,uniform,4096,500,0.95,186.88998939889115,closed_form,,,0.1.0
kappa_hat,uniform,4096,500,0.99,188.28792530859354,closed_form,,,0.1.0
kappa_hat,uniform,4096,700,0.5,155.0229667604633,closed_form,,,0.1.0
kappa_hat,uniform,4096,700,0.9,157.22971190531138,closed_form,,,0.1.0
kappa_hat,uniform,4096,700,0.95,157.85721336942584,closed_form,,,0.1.0
kappa_hat,uniform,4096,700,0.99,159.0365712648205,closed_form,,,0.1.0
kappa_hat,uniform,4096,1000,0.5,129.64591358768544,closed_form,,,0.1.0
kappa_hat,uniform,4096,1000,0.9,131.4898035128248,closed_form,,,0.1.0
kappa_hat,uniform,4096,1000,0.95,132.0141124545644,closed_form,,,0.1.0
kappa_hat,uniform,4096,1000,0.99,132.9995101088606,closed_form,,,0.1.0
kappa_hat,uniform,4096,10000,0.5,40.96076003850734,closed_form,,,0.1.0
kappa_hat,uniform,4096,10000,0.9,41.542255359504765,closed_form,,,0.1.0
kappa_hat,uniform,4096,10000,0.95,41.70759496500793,closed_form,,,0.1.0
kappa_hat,uniform,4096,10000,0.99,42.018327887986636,closed_form,,,0.1.0
kappa_hat,uniform,8192,50,0.5,1182.1113689222327,closed_form,,,0.1.0
kappa_hat,uniform,8192,50,0.9,1194.4581503605616,closed_form,,,0.1.0
kappa_hat,uniform,8192,50,0.95,1197.968469577059,closed_form,,,0.1.0
kappa_hat,uniform,8192,50,0.99,1204.5653607566665,closed_form,,,0.1.0
kappa_hat,uniform,8192,70,0.5,993.2765806057787,closed_form,,,0.1.0
kappa_hat,uniform,8192,70,0.9,1003.5313605161422,closed_form,,,0.1.0
kappa_hat,uniform,8192,70,0.95,1006.4462454268352,closed_form,,,0.1.0
kappa_hat,uniform,8192,70,0.99,1011.9233553562437,closed_form,,,0.1.0
kappa_hat,uniform,8192,100,0.5,827.4383975881419,closed_form,,,0.1.0
kappa_hat,uniform,8192,100,0.9,835.9070284956304,closed_form,,,0.1.0
kappa_hat,uniform,8192,100,0.95,838.3138019509893,closed_form,,,0.1.0
kappa_hat,uniform,8192,100,0.99,842.8356758102483,closed_form,,,0.1.0
kappa_hat,uniform,8192,500,0.5,367.0763847887652,closed_form,,,0.1.0
kappa_hat,uniform,8192,500,0.9,370.7728095443972,closed_form,,,0.1.0
kappa_hat,uniform,8192,500,0.95,371.82300008826803,closed_form,,,0.1.0
kappa_hat,uniform,8192,500,0.99,373.79571506176563,closed_form,,,0.1.0
kappa_hat,uniform,8192,700,0.5,310.05869454951426,closed_form,,,0.1.0
kappa_hat,uniform,8192,700,0.9,313.1773375455632,closed_form,,,0.1.0
kappa_hat,uniform,8192,700,0.95,314.063354896931,closed_form,,,0.1.0
kappa_hat,uniform,8192,700,0.99,315.72765741115455,closed_form,,,0.1.0
kappa_hat,uniform,8192,1000,0.5,259.30246313517176,closed_form,,,0.1.0
kappa_hat,uniform,8192,1000,0.9,261.9083204732685,closed_form,,,0.1.0
kappa_hat,uniform,8192,1000,0.95,262.6486412726938,closed_form,,,0.1.0
kappa_hat,uniform,8192,1000,0.99,264.03925127635637,closed_form,,,0.1.0
kappa_hat,uniform,8192,10000,0.5,81.92485646693585,closed_form,,,0.1.0
kappa_hat,uniform,8192,10000,0.9,82.74665697661875,closed_form,,,0.1.0
kappa_hat,uniform,8192,10000,0.95,82.9801212893112,closed_form,,,0.1.0
kappa_hat,uniform,8192,10000,0.99,83.4186481031998,closed_form,,,0.1.0
mean_cosine,uniform,64,50,0.5,0.0,closed_form,,,0.1.0
mean_cosine,uniform,64,50,0.9,0.022654845060920577,closed_form,,,0.1.0
mean_cosine,uniform,64,50,0.95,0.029077178841916837,closed_form,,,0.1.0
mean_cosine,uniform,64,50,0.99,0.04112440892832967,closed_form,,,0.1.0
mean_cosine,uniform,64,70,0.5,0.0,closed_form,,,0.1.0
mean_cosine,uniform,64,70,0.9,0.019146838693452347,closed_form,,,0.1.0
mean_cosine,uniform,64,70,0.95,0.024574701413748016,closed_form,,,0.1.0
mean_cosine,uniform,64,70,0.99,0.034756469178973216,closed_form,,,0.1.0
mean_cosine,uniform,64,100,0.5,0.0,closed_form,,,0.1.0
mean_cosine,uniform,64,100,0.9,0.016019394569307503,closed_form,,,0.1.0
mean_cosine,uniform,64,100,0.95,0.020560670336893398,closed_form,,,0.1.0
mean_cosine,uniform,64,100,0.99,0.02907934842551051,closed_form,,,0.1.0
mean_cosine,uniform,64,500,0.5,0.0,closed_form,,,0.1.0
mean_cosine,uniform,64,500,0.9,0.007164091043072509,closed_form,,,0.1.0
mean_cosine,uniform,64,500,0.95,0.009195011307251429,closed_form,,,0.1.0
mean_cosine,uniform,64,500,0.99,0.013004679964168596,closed_form,,,0.1.0
mean_cosine,uniform,64,700,0.5,0.0,closed_form,,,0.1.0
mean_cosine,uniform,64,700,0.9,0.006054762026315188,closed_form,,,0.1.0
mean_cosine,uniform,64,700,0.95,0.007771202928600365,closed_form,,,0.1.0
mean_cosine,uniform,64,700,0.99,0.010990960603099781,closed_form,,,0.1.0
mean_cosine,uniform,64,1000,0.5,0.0,closed_form,,,0.1.0
mean_cosine,uniform,64,1000,0.9,0.005065777357594378,closed_form,,,0.1.0
mean_cosine,uniform,64,1000,0.95,0.006501854848444466,closed_form,,,0.1.0
mean_cosine,uniform,64,1000,0.99,0.009195697389824443,closed_form,,,0.1.0
mean_cosine,uniform,64,10000,0.5,0.0,closed_form,,,0.1.0
mean_cosine,uniform,64,10000,0.9,0.0016019394569307505,closed_form,,,0.1.0
mean_cosine,uniform,64,10000,0.95,0.00205606703368934,closed_form,,,0.1.0
mean_cosine,uniform,64,10000,0.99,0.002907934842551051,closed_form,,,0.1.0
mean_cosine,uniform,128,50,0.5,0.0,closed_form,,,0.1.0
mean_cosine,uniform,128,50,0.9,0.016019394569307503,closed_form,,,0.1.0
mean_cosine,uniform,128,50,0.95,0.020560670336893398,closed_form,,,0.1.0
mean_cosine,uniform,128,50,0.99,0.02907934842551051,closed_form,,,0.1.0
mean_cosine,uniform,128,70,0.5,0.0,closed_form,,,0.1.0
mean_cosine,uniform,128,70,0.9,0.01353885947842513,closed_form,,,0.1.0
mean_cosine,uniform,128,70,0.95,0.01737693801529586,closed_form,,,0.1.0
mean_cosine,uniform,128,70,0.99,0.024576535046553195,closed_form,,,0.1.0
mean_cosine,uniform,128,100,0.5,0.0,closed_form,,,0.1.0
mean_cosine,uniform,128,100,0.9,0.011327422530460289,closed_form,,,0.1.0
mean_cosine,uniform,128,100,0.95,0.014538589420958418,closed_form,,,0.1.0
mean_cosine,uniform,128,100,0.99,0.020562204464164836,closed_form,,,0.1.0
mean_cosine,uniform,128,500,0.5,0.0,closed_form,,,0.1.0
mean_cosine,uniform,128,500,0.9,0.005065777357594378,closed_form,,,0.1.0
mean_cosine,uniform,128,500,0.95,0.006501854848444466,closed_form,,,0.1.0
mean_cosine,uniform,128,500,0.99,0.009195697389824443,closed_form,,,0.1.0
mean_cosine,uniform,128,700,0.5,0.0,closed_form,,,0.1.0
mean_cosine,uniform,128,700,0.9,0.0042813632872782705,closed_form,,,0.1.0
mean_cosine,uniform,128,700,0.95,0.005495070288790075,closed_form,,,0.1.0
mean_cosine,uniform,128,700,0.99,0.007771782774206041,closed_form,,,0.1.0
mean_cosine,uniform,128,1000,0.5,0.0,closed_form,,,0.1.0
mean_cosine,uniform,128,1000,0.9,0.0035820455215362546,closed_form,,,0.1.0
mean_cosine,uniform,128,1000,0.95,0.004597505653625714,closed_form,,,0.1.0
mean_cosine,uniform,128,1000,0.99,0.006502339982084298,closed_form,,,0.1.0
mean_cosine,uniform,128,10000,0.5,0.0,closed_form,,,0.1.0
mean_cosine,uniform,128,10000,0.9,0.001132742253046029,closed_form,,,0.1.0
mean_cosine,uniform,128,10000,0.95,0.0014538589420958418,closed_form,,,0.1.0
mean_cosine,uniform,128,10000,0.99,0.0020562204464164833,closed_form,,,0.1.0
mean_cosine,uniform,256,50,0.5,0.0,closed_form,,,0.1.0
mean_cosine,uniform,256,50,0.9,0.011327422530460289,closed_form,,,0.1.0
mean_cosine,uniform,256,50,0.95,0.014538589420958418,closed_form,,,0.1.0
mean_cosine,uniform,256,50,0.99,0.020562204464164836,closed_form,,,0.1.0
mean_cosine,uniform,256,70,0.5,0.0,closed_form,,,0.1.0
mean_cosine,uniform,256,70,0.9,0.009573419346726173,closed_form,,,0.1.0
mean_cosine,uniform,256,70,0.95,0.012287350706874008,closed_form,,,0.1.0
mean_cosine,uniform,256,70,0.99,0.017378234589486608,closed_form,,,0.1.0
mean_cosine,uniform,256,100,0.5,0.0,closed_form,,,0.1.0
mean_cosine,uniform,256,100,0.9,0.008009697284653752,closed_form,,,0.1.0
mean_cosine,uniform,256,100,0.95,0.010280335168446699,closed_form,,,0.1.0
mean_cosine,uniform,256,100,0.99,0.014539674212755255,closed_form,,,0.1.0
mean_cosine,uniform,256,500,0.5,0.0,closed_form,,,0.1.0
mean_cosine,uniform,256,500,0.9,0.0035820455215362546,closed_form,,,0.1.0
mean_cosine,uniform,256,500,0.95,0.004597505653625714,closed_form,,,0.1.0
mean_cosine,uniform,256,500,0.99,0.006502339982084298,closed_form,,,0.1.0
mean_cosine,uniform,256,700,0.5,0.0,closed_form,,,0.1.0
mean_cosine,uniform,256,700,0.9,0.003027381013157594,closed_form,,,0.1.0
mean_cosine,uniform,256,700,0.95,0.0038856014643001823,closed_form,,,0.1.0
mean_cosine,uniform,256,700,0.99,0.005495480301549891,closed_form,,,0.1.0
mean_cosine,uniform,256,1000,0.5,0.0,closed_form,,,0.1.0
mean_cosine,uniform,256,1000,0.9,0.002532888678797189,closed_form,,,0.1.0
mean_cosine,uniform,256,1000,0.95,0.003250927424222233,closed_form,,,0.1.0
mean_cosine,uniform,256,1000,0.99,0.004597848694912221,closed_form,,,0.1.0
mean_cosine,uniform,256,10000,0.5,0.0,closed_form,,,0.1.0
mean_cosine,uniform,256,10000,0.9,0.0008009697284653753,closed_form,,,0.1.0
mean_cosine,uniform,256,10000,0.95,0.00102803351684467,closed_form,,,0.1.0
mean_cosine,uniform,256,10000,0.99,0.0014539674212755256,closed_form,,,0.1.0
mean_cosine,uniform,512,50,0.5,0.0,closed_form,,,0.1.0
mean_cosine,uniform,512,50,0.9,0.008009697284653752,closed_form,,,0.1.0
mean_cosine,uniform,512,50,0.95,0.010280335168446699,closed_form,,,0.1.0
mean_cosine,uniform,512,50,0.99,0.014539674212755255,closed_form,,,0.1.0
mean_cosine,uniform,512,70,0.5,0.0,closed_form,,,0.1.0
mean_cosine,uniform,512,70,0.9,0.006769429739212565,closed_form,,,0.1.0
mean_cosine,uniform,512,70,0.95,0.00868846900764793,closed_form,,,0.1.0
mean_cosine,uniform,512,70,0.99,0.012288267523276598,closed_form,,,0.1.0
mean_cosine,uniform,512,100,0.5,0.0,closed_form,,,0.1.0
mean_cosine,uniform,512,100,0.9,0.005663711265230144,closed_form,,,0.1.0
mean_cosine,uniform,512,100,0.95,0.007269294710479209,closed_form,,,0.1.0
mean_cosine,uniform,512,100,0.99,0.010281102232082418,closed_form,,,0.1.0
mean_cosine,uniform,512,500,0.5,0.0,closed_form,,,0.1.0
mean_cosine,uniform,512,500,0.9,0.002532888678797189,closed_form,,,0.1.0
mean_cosine,uniform,512,500,0.95,0.003250927424222233,closed_form,,,0.1.0
mean_cosine,uniform,512,500,0.99,0.004597848694912221,closed_form,,,0.1.0
mean_cosine,uniform,512,700,0.5,0.0,closed_form,,,0.1.0
mean_cosine,uniform,512,700,0.9,0.0021406816436391352,closed_form,,,0.1.0
mean_cosine,uniform,512,700,0.95,0.0027475351443950373,closed_form,,,0.1.0
mean_cosine,uniform,512,700,0.99,0.0038858913871030205,closed_form,,,0.1.0
mean_cosine,uniform,512,1000,0.5,0.0,closed_form,,,0.1.0
mean_cosine,uniform,512,1000,0.9,0.0017910227607681273,closed_form,,,0.1.0
mean_cosine,uniform,512,1000,0.95,0.002298752826812857,closed_form,,,0.1.0
mean_cosine,uniform,512,1000,0.99,0.003251169991042149,closed_form,,,0.1.0
mean_cosine,uniform,512,10000,0.5,0.0,closed_form,,,0.1.0
mean_cosine,uniform,512,10000,0.9,0.0005663711265230145,closed_form,,,0.1.0
mean_cosine,uniform,512,10000,0.95,0.0007269294710479209,closed_form,,,0.1.0
mean_cosine,uniform,512,10000,0.99,0.0010281102232082417,closed_form,,,0.1.0
mean_cosine,uniform,1024,50,0.5,0.0,closed_form,,,0.1.0
mean_cosine,uniform,1024,50,0.9,0.005663711265230144,closed_form,,,0.1.0
mean_cosine,uniform,1024,50,0.95,0.007269294710479209,closed_form,,,0.1.0
mean_cosine,uniform,1024,50,0.99,0.010281102232082418,closed_form,,,0.1.0
mean_cosine,uniform,1024,70,0.5,0.0,closed_form,,,0.1.0
mean_cosine,uniform,1024,70,0.9,0.004786709673363087,closed_form,,,0.1.0
mean_cosine,uniform,1024,70,0.95,0.006143675353437004,closed_form,,,0.1.0
mean_cosine,uniform,1024,70,0.99,0.008689117294743304,closed_form,,,0.1.0
mean_cosine,uniform,1024,100,0.5,0.0,closed_form,,,0.1.0
mean_cosine,uniform,1024,100,0.9,0.004004848642326876,closed_form,,,0.1.0
mean_cosine,uniform,1024,100,0.95,0.0051401675842233496,closed_form,,,0.1.0
mean_cosine,uniform,1024,100,0.99,0.0072698371063776275,closed_form,,,0.1.0
mean_cosine,uniform,1024,500,0.5,0.0,closed_form,,,0.1.0
mean_cosine,uniform,1024,500,0.9,0.0017910227607681273,closed_form,,,0.1.0
mean_cosine,uniform,1024,500,0.95,0.002298752826812857,closed_form,,,0.1.0
mean_cosine,uniform,1024,500,0.99,0.003251169991042149,closed_form,,,0.1.0
mean_cosine,uniform,1024,700,0.5,0.0,closed_form,,,0.1.0
mean_cosine,uniform,1024,700,0.9,0.001513690506578797,closed_form,,,0.1.0
mean_cosine,uniform,1024,700,0.95,0.0019428007321500912,closed_form,,,0.1.0
mean_cosine,uniform,1024,700,0.99,0.0027477401507749453,closed_form,,,0.1.0
mean_cosine,uniform,1024,1000,0.5,0.0,closed_form,,,0.1.0
mean_cosine,uniform,1024,1000,0.9,0.0012664443393985945,closed_form,,,0.1.0
mean_cosine,uniform,1024,1000,0.95,0.0016254637121111166,closed_form,,,0.1.0
mean_cosine,uniform,1024,1000,0.99,0.0022989243474561107,closed_form,,,0.1.0
mean_cosine,uniform,1024,10000,0.5,0.0,closed_form,,,0.1.0
mean_cosine,uniform,1024,10000,0.9,0.00040048486423268763,closed_form,,,0.1.0
mean_cosine,uniform,1024,10000,0.95,0.000514016758422335,closed_form,,,0.1.0
mean_cosine,uniform,1024,10000,0.99,0.0007269837106377628,closed_form,,,0.1.0
mean_cosine,uniform,2048,50,0.5,0.0,closed_form,,,0.1.0
mean_cosine,uniform,2048,50,0.9,0.004004848642326876,closed_form,,,0.1.0
mean_cosine,uniform,2048,50,0.95,0.0051401675842233496,closed_form,,,0.1.0
mean_cosine,uniform,2048,50,0.99,0.0072698371063776275,closed_form,,,0.1.0
mean_cosine,uniform,2048,70,0.5,0.0,closed_form,,,0.1.0
mean_cosine,uniform,2048,70,0.9,0.0033847148696062824,closed_form,,,0.1.0
mean_cosine,uniform,2048,70,0.95,0.004344234503823965,closed_form,,,0.1.0
mean_cosine,uniform,2048,70,0.99,0.006144133761638299,closed_form,,,0.1.0
mean_cosine,uniform,2048,100,0.5,0.0,closed_form,,,0.1.0
mean_cosine,uniform,2048,100,0.9,0.002831855632615072,closed_form,,,0.1.0
mean_cosine,uniform,2048,100,0.95,0.0036346473552396046,closed_form,,,0.1.0
mean_cosine,uniform,2048,100,0.99,0.005140551116041209,closed_form,,,0.1.0
mean_cosine,uniform,2048,500,0.5,0.0,closed_form,,,0.1.0
mean_cosine,uniform,2048,500,0.9,0.0012664443393985945,closed_form,,,0.1.0
mean_cosine,uniform,2048,500,0.95,0.0016254637121111166,closed_form,,,0.1.0
mean_cosine,uniform,2048,500,0.99,0.0022989243474561107,closed_form,,,0.1.0
mean_cosine,uniform,2048,700,0.5,0.0,closed_form,,,0.1.0
mean_cosine,uniform,2048,700,0.9,0.0010703408218195676,closed_form,,,0.1.0
mean_cosine,uniform,2048,700,0.95,0.0013737675721975187,closed_form,,,0.1.0
mean_cosine,uniform,2048,700,0.99,0.0019429456935515102,closed_form,,,0.1.0
mean_cosine,uniform,2048,1000,0.5,0.0,closed_form,,,0.1.0
mean_cosine,uniform,2048,1000,0.9,0.0008955113803840636,closed_form,,,0.1.0
mean_cosine,uniform,2048,1000,0.95,0.0011493764134064286,closed_form,,,0.1.0
mean_cosine,uniform,2048,1000,0.99,0.0016255849955210744,closed_form,,,0.1.0
mean_cosine,uniform,2048,10000,0.5,0.0,closed_form,,,0.1.0
mean_cosine,uniform,2048,10000,0.9,0.00028318556326150724,closed_form,,,0.1.0
mean_cosine,uniform,2048,10000,0.95,0.00036346473552396045,closed_form,,,0.1.0
mean_cosine,uniform,2048,10000,0.99,0.0005140551116041208,closed_form,,,0.1.0
mean_cosine,uniform,4096,50,0.5,0.0,closed_form,,,0.1.0
mean_cosine,uniform,4096,50,0.9,0.002831855632615072,closed_form,,,0.1.0
mean_cosine,uniform,4096,50,0.95,0.0036346473552396046,closed_form,,,0.1.0
mean_cosine,uniform,4096,50,0.99,0.005140551116041209,closed_form,,,0.1.0
mean_cosine,uniform,4096,70,0.5,0.0,closed_form,,,0.1.0
mean_cosine,uniform,4096,70,0.9,0.0023933548366815434,closed_form,,,0.1.0
mean_cosine,uniform,4096,70,0.95,0.003071837676718502,closed_form,,,0.1.0
mean_cosine,uniform,4096,70,0.99,0.004344558647371652,closed_form,,,0.1.0
mean_cosine,uniform,4096,100,0.5,0.0,closed_form,,,0.1.0
mean_cosine,uniform,4096,100,0.9,0.002002424321163438,closed_form,,,0.1.0
mean_cosine,uniform,4096,100,0.95,0.0025700837921116748,closed_form,,,0.1.0
mean_cosine,uniform,4096,100,0.99,0.0036349185531888138,closed_form,,,0.1.0
mean_cosine,uniform,4096,500,0.5,0.0,closed_form,,,0.1.0
mean_cosine,uniform,4096,500,0.9,0.0008955113803840636,closed_form,,,0.1.0
mean_cosine,uniform,4096,500,0.95,0.0011493764134064286,closed_form,,,0.1.0
mean_cosine,uniform,4096,500,0.99,0.0016255849955210744,closed_form,,,0.1.0
mean_cosine,uniform,4096,700,0.5,0.0,closed_form,,,0.1.0
mean_cosine,uniform,4096,700,0.9,0.0007568452532893985,closed_form,,,0.1.0
mean_cosine,uniform,4096,700,0.95,0.0009714003660750456,closed_form,,,0.1.0
mean_cosine,uniform,4096,700,0.99,0.0013738700753874726,closed_form,,,0.1.0
mean_cosine,uniform,4096,1000,0.5,0.0,closed_form,,,0.1.0
mean_cosine,uniform,4096,1000,0.9,0.0006332221696992973,closed_form,,,0.1.0
mean_cosine,uniform,4096,1000,0.95,0.0008127318560555583,closed_form,,,0.1.0
mean_cosine,uniform,4096,1000,0.99,0.0011494621737280553,closed_form,,,0.1.0
mean_cosine,uniform,4096,10000,0.5,0.0,closed_form,,,0.1.0
mean_cosine,uniform,4096,10000,0.9,0.00020024243211634382,closed_form,,,0.1.0
mean_cosine,uniform,4096,10000,0.95,0.0002570083792111675,closed_form,,,0.1.0
mean_cosine,uniform,4096,10000,0.99,0.0003634918553188814,closed_form,,,0.1.0
mean_cosine,uniform,8192,50,0.5,0.0,closed_form,,,0.1.0
mean_cosine,uniform,8192,50,0.9,0.002002424321163438,closed_form,,,0.1.0
mean_cosine,uniform,8192,50,0.95,0.0025700837921116748,closed_form,,,0.1.0
mean_cosine,uniform,8192,50,0.99,0.0036349185531888138,closed_form,,,0.1.0
mean_cosine,uniform,8192,70,0.5,0.0,closed_form,,,0.1.0
mean_cosine,uniform,8192,70,0.9,0.0016923574348031412,closed_form,,,0.1.0
mean_cosine,uniform,8192,70,0.95,0.0021721172519119825,closed_form,,,0.1.0
mean_cosine,uniform,8192,70,0.99,0.0030720668808191494,closed_form,,,0.1.0
mean_cosine,uniform,8192,100,0.5,0.0,closed_form,,,0.1.0
mean_cosine,uniform,8192,100,0.9,0.001415927816307536,closed_form,,,0.1.0
mean_cosine,uniform,8192,100,0.95,0.0018173236776198023,closed_form,,,0.1.0
mean_cosine,uniform,8192,100,0.99,0.0025702755580206045,closed_form,,,0.1.0
mean_cosine,uniform,8192,500,0.5,0.0,closed_form,,,0.1.0
mean_cosine,uniform,8192,500,0.9,0.0006332221696992973,closed_form,,,0.1.0
mean_cosine,uniform,8192,500,0.95,0.0008127318560555583,closed_form,,,0.1.0
mean_cosine,uniform,8192,500,0.99,0.0011494621737280553,closed_form,,,0.1.0
mean_cosine,uniform,8192,700,0.5,0.0,closed_form,,,0.1.0
mean_cosine,uniform,8192,700,0.9,0.0005351704109097838,closed_form,,,0.1.0
mean_cosine,uniform,8192,700,0.95,0.0006868837860987593,closed_form,,,0.1.0
mean_cosine,uniform,8192,700,0.99,0.0009714728467757551,closed_form,,,0.1.0
mean_cosine,uniform,8192,1000,0.5,0.0,closed_form,,,0.1.0
mean_cosine,uniform,8192,1000,0.9,0.0004477556901920318,closed_form,,,0.1.0
mean_cosine,uniform,8192,1000,0.95,0.0005746882067032143,closed_form,,,0.1.0
mean_cosine,uniform,8192,1000,0.99,0.0008127924977605372,closed_form,,,0.1.0
mean_cosine,uniform,8192,10000,0.5,0.0,closed_form,,,0.1.0
mean_cosine,uniform,8192,10000,0.9,0.00014159278163075362,closed_form,,,0.1.0
mean_cosine,uniform,8192,10000,0.95,0.00018173236776198023,closed_form,,,0.1.0
mean_cosine,uniform,8192,10000,0.99,0.0002570275558020604,closed_form,,,0.1.0
r_bar,mean_removed,128,70,0.5,0.001386867383872873,monte_carlo,2000,616,0.1.0
r_bar,mean_removed,128,70,0.95,0.0017575178270838156,monte_carlo,2000,616,0.1.0
kappa_hat,mean_removed,128,70,0.5,0.17751936390918363,monte_carlo,2000,616,0.1.0
kappa_hat,mean_removed,128,70,0.95,0.22496297131929832,monte_carlo,2000,616,0.1.0
r_bar,mean_removed,128,700,0.5,0.0002435251544736626,monte_carlo,2000,616,0.1.0
r_bar,mean_removed,128,700,0.95,0.0002785648505288106,monte_carlo,2000,616,0.1.0
kappa_hat,mean_removed,128,700,0.5,0.03117122160678041,monte_carlo,2000,616,0.1.0
kappa_hat,mean_removed,128,700,0.95,0.035656303612942926,monte_carlo,2000,616,0.1.0
r_bar,mean_removed,512,70,0.5,0.0006430287743982119,monte_carlo,2000,616,0.1.0
r_bar,mean_removed,512,70,0.95,0.0007691734963852701,monte_carlo,2000,616,0.1.0
kappa_hat,mean_removed,512,70,0.5,0.32923086835837634,monte_carlo,2000,616,0.1.0
kappa_hat,mean_removed,512,70,0.95,0.39381706268734606,monte_carlo,2000,616,0.1.0
r_bar,mean_removed,512,700,0.5,8.120722379651829e-05,monte_carlo,2000,616,0.1.0
r_bar,mean_removed,512,700,0.95,9.034584986182068e-05,monte_carlo,2000,616,0.1.0
kappa_hat,mean_removed,512,700,0.5,0.041578098857473315,monte_carlo,2000,616,0.1.0
kappa_hat,mean_removed,512,700,0.95,0.046257075506082254,monte_carlo,2000,616,0.1.0
